省市別,縣市別,鄉鎮市區,平均年齡,性別/男/人數,性別/男/比率,性別/女/人數,性別/女/比率,教育程度/博士/人數,教育程度/博士/比率,教育程度/碩士/人數,教育程度/碩士/比率,教育程度/大學/人數,教育程度/大學/比率,教育程度/專科/人數,教育程度/專科/比率,教育程度/高中/人數,教育程度/高中/比率,教育程度/其他/人數,教育程度/其他/比率,政黨數,黨籍資料/0/政黨代碼,黨籍資料/0/當選名額,黨籍資料/0/當選比率,黨籍資料/1/政黨代碼,黨籍資料/1/當選名額,黨籍資料/1/當選比率,黨籍資料/2/政黨代碼,黨籍資料/2/當選名額,黨籍資料/2/當選比率,黨籍資料/3/政黨代碼,黨籍資料/3/當選名額,黨籍資料/3/當選比率,黨籍資料/4/政黨代碼,黨籍資料/4/當選名額,黨籍資料/4/當選比率,黨籍資料/5/政黨代碼,黨籍資料/5/當選名額,黨籍資料/5/當選比率,黨籍資料/6/政黨代碼,黨籍資料/6/當選名額,黨籍資料/6/當選比率,黨籍資料/7/政黨代碼,黨籍資料/7/當選名額,黨籍資料/7/當選比率,黨籍資料/8/政黨代碼,黨籍資料/8/當選名額,黨籍資料/8/當選比率,黨籍資料/9/政黨代碼,黨籍資料/9/當選名額,黨籍資料/9/當選比率,黨籍資料/10/政黨代碼,黨籍資料/10/當選名額,黨籍資料/10/當選比率,黨籍資料/11/政黨代碼,黨籍資料/11/當選名額,黨籍資料/11/當選比率,黨籍資料/12/政黨代碼,黨籍資料/12/當選名額,黨籍資料/12/當選比率,黨籍資料/13/政黨代碼,黨籍資料/13/當選名額,黨籍資料/13/當選比率,黨籍資料/14/政黨代碼,黨籍資料/14/當選名額,黨籍資料/14/當選比率,黨籍資料/15/政黨代碼,黨籍資料/15/當選名額,黨籍資料/15/當選比率,黨籍資料/16/政黨代碼,黨籍資料/16/當選名額,黨籍資料/16/當選比率,黨籍資料/17/政黨代碼,黨籍資料/17/當選名額,黨籍資料/17/當選比率,黨籍資料/18/政黨代碼,黨籍資料/18/當選名額,黨籍資料/18/當選比率,黨籍資料/19/政黨代碼,黨籍資料/19/當選名額,黨籍資料/19/當選比率,黨籍資料/20/政黨代碼,黨籍資料/20/當選名額,黨籍資料/20/當選比率,黨籍資料/21/政黨代碼,黨籍資料/21/當選名額,黨籍資料/21/當選比率,黨籍資料/22/政黨代碼,黨籍資料/22/當選名額,黨籍資料/22/當選比率,黨籍資料/23/政黨代碼,黨籍資料/23/當選名額,黨籍資料/23/當選比率,黨籍資料/24/政黨代碼,黨籍資料/24/當選名額,黨籍資料/24/當選比率
0,00,00,56.97,6745,86.06,1093,13.94,0,0,126,1.61,453,5.78,912,11.64,2710,34.58,3637,46.4,7,1,1794,22.89,3,390,4.98,6,1,0.01,7,1,0.01,9,2,0.03,15,1,0.01,99,5649,72.07,0,0,0,0,0,0,0,0,0,0,0,0,0,0,0,0,0,0,0,0,0,0,0,0,0,0,0,0,0,0,0,0,0,0,0,0,0,0,0,0,0,0,0,0,0,0,0,0,0,0,0,0,0,0
1,00,00,57.01,351,77.14,104,22.86,0,0,26,5.71,58,12.75,93,20.44,191,41.98,87,19.12,5,1,229,50.33,3,50,10.99,7,1,0.22,15,1,0.22,99,174,38.24,0,0,0,0,0,0,0,0,0,0,0,0,0,0,0,0,0,0,0,0,0,0,0,0,0,0,0,0,0,0,0,0,0,0,0,0,0,0,0,0,0,0,0,0,0,0,0,0,0,0,0,0,0,0,0,0,0,0,0,0
1,00,01,55.02,34,80.95,8,19.05,0,0,2,4.76,3,7.14,13,30.95,16,38.1,8,19.05,3,1,13,30.95,3,2,4.76,99,27,64.29,0,0,0,0,0,0,0,0,0,0,0,0,0,0,0,0,0,0,0,0,0,0,0,0,0,0,0,0,0,0,0,0,0,0,0,0,0,0,0,0,0,0,0,0,0,0,0,0,0,0,0,0,0,0,0,0,0,0,0,0,0,0,0,0,0,0
1,00,02,56.35,43,84.31,8,15.69,0,0,1,1.96,8,15.69,14,27.45,20,39.22,8,15.69,4,1,17,33.33,3,4,7.84,15,1,1.96,99,29,56.86,0,0,0,0,0,0,0,0,0,0,0,0,0,0,0,0,0,0,0,0,0,0,0,0,0,0,0,0,0,0,0,0,0,0,0,0,0,0,0,0,0,0,0,0,0,0,0,0,0,0,0,0,0,0,0,0,0,0,0,0,0,0,0
1,00,03,55.54,31,79.49,8,20.51,0,0,2,5.13,5,12.82,6,15.38,20,51.28,6,15.38,2,1,16,41.03,99,23,58.97,0,0,0,0,0,0,0,0,0,0,0,0,0,0,0,0,0,0,0,0,0,0,0,0,0,0,0,0,0,0,0,0,0,0,0,0,0,0,0,0,0,0,0,0,0,0,0,0,0,0,0,0,0,0,0,0,0,0,0,0,0,0,0,0,0,0,0,0,0
1,00,04,59.6,17,85,3,15,0,0,0,0,1,5,3,15,7,35,9,45,3,1,14,70,3,1,5,99,5,25,0,0,0,0,0,0,0,0,0,0,0,0,0,0,0,0,0,0,0,0,0,0,0,0,0,0,0,0,0,0,0,0,0,0,0,0,0,0,0,0,0,0,0,0,0,0,0,0,0,0,0,0,0,0,0,0,0,0,0,0,0,0,0,0,0,0
1,00,05,61.12,21,63.64,12,36.36,0,0,0,0,5,15.15,5,15.15,14,42.42,9,27.27,3,1,23,69.7,3,2,6.06,99,8,24.24,0,0,0,0,0,0,0,0,0,0,0,0,0,0,0,0,0,0,0,0,0,0,0,0,0,0,0,0,0,0,0,0,0,0,0,0,0,0,0,0,0,0,0,0,0,0,0,0,0,0,0,0,0,0,0,0,0,0,0,0,0,0,0,0,0,0
1,00,06,56.37,32,78.05,9,21.95,0,0,1,2.44,7,17.07,8,19.51,15,36.59,10,24.39,3,1,26,63.41,3,4,9.76,99,11,26.83,0,0,0,0,0,0,0,0,0,0,0,0,0,0,0,0,0,0,0,0,0,0,0,0,0,0,0,0,0,0,0,0,0,0,0,0,0,0,0,0,0,0,0,0,0,0,0,0,0,0,0,0,0,0,0,0,0,0,0,0,0,0,0,0,0,0
1,00,07,55.83,36,85.71,6,14.29,0,0,2,4.76,5,11.9,13,30.95,11,26.19,11,26.19,4,1,14,33.33,3,11,26.19,7,1,2.38,99,16,38.1,0,0,0,0,0,0,0,0,0,0,0,0,0,0,0,0,0,0,0,0,0,0,0,0,0,0,0,0,0,0,0,0,0,0,0,0,0,0,0,0,0,0,0,0,0,0,0,0,0,0,0,0,0,0,0,0,0,0,0,0,0,0,0
1,00,08,55.44,16,64,9,36,0,0,0,0,4,16,3,12,12,48,6,24,3,1,1,4,3,18,72,99,6,24,0,0,0,0,0,0,0,0,0,0,0,0,0,0,0,0,0,0,0,0,0,0,0,0,0,0,0,0,0,0,0,0,0,0,0,0,0,0,0,0,0,0,0,0,0,0,0,0,0,0,0,0,0,0,0,0,0,0,0,0,0,0,0,0,0,0
1,00,09,58.87,22,70.97,9,29.03,0,0,4,12.9,3,9.68,3,9.68,17,54.84,4,12.9,2,1,23,74.19,99,8,25.81,0,0,0,0,0,0,0,0,0,0,0,0,0,0,0,0,0,0,0,0,0,0,0,0,0,0,0,0,0,0,0,0,0,0,0,0,0,0,0,0,0,0,0,0,0,0,0,0,0,0,0,0,0,0,0,0,0,0,0,0,0,0,0,0,0,0,0,0,0
1,00,10,60.36,28,77.78,8,22.22,0,0,3,8.33,5,13.89,7,19.44,13,36.11,8,22.22,3,1,14,38.89,3,7,19.44,99,15,41.67,0,0,0,0,0,0,0,0,0,0,0,0,0,0,0,0,0,0,0,0,0,0,0,0,0,0,0,0,0,0,0,0,0,0,0,0,0,0,0,0,0,0,0,0,0,0,0,0,0,0,0,0,0,0,0,0,0,0,0,0,0,0,0,0,0,0
1,00,11,56.96,39,75,13,25,0,0,6,11.54,6,11.54,8,15.38,28,53.85,4,7.69,2,1,38,73.08,99,14,26.92,0,0,0,0,0,0,0,0,0,0,0,0,0,0,0,0,0,0,0,0,0,0,0,0,0,0,0,0,0,0,0,0,0,0,0,0,0,0,0,0,0,0,0,0,0,0,0,0,0,0,0,0,0,0,0,0,0,0,0,0,0,0,0,0,0,0,0,0,0
1,00,12,55.3,32,74.42,11,25.58,0,0,5,11.63,6,13.95,10,23.26,18,41.86,4,9.3,3,1,30,69.77,3,1,2.33,99,12,27.91,0,0,0,0,0,0,0,0,0,0,0,0,0,0,0,0,0,0,0,0,0,0,0,0,0,0,0,0,0,0,0,0,0,0,0,0,0,0,0,0,0,0,0,0,0,0,0,0,0,0,0,0,0,0,0,0,0,0,0,0,0,0,0,0,0,0
2,00,00,55.89,848,82.25,183,17.75,0,0,19,1.84,60,5.82,123,11.93,402,38.99,427,41.42,5,1,279,27.06,3,36,3.49,6,1,0.1,9,1,0.1,99,714,69.25,0,0,0,0,0,0,0,0,0,0,0,0,0,0,0,0,0,0,0,0,0,0,0,0,0,0,0,0,0,0,0,0,0,0,0,0,0,0,0,0,0,0,0,0,0,0,0,0,0,0,0,0,0,0,0,0,0,0,0,0
2,00,01,62.67,9,100,0,0,0,0,0,0,0,0,1,11.11,0,0,8,88.89,2,1,3,33.33,99,6,66.67,0,0,0,0,0,0,0,0,0,0,0,0,0,0,0,0,0,0,0,0,0,0,0,0,0,0,0,0,0,0,0,0,0,0,0,0,0,0,0,0,0,0,0,0,0,0,0,0,0,0,0,0,0,0,0,0,0,0,0,0,0,0,0,0,0,0,0,0,0
2,00,02,61.46,12,92.31,1,7.69,0,0,0,0,1,7.69,0,0,3,23.08,9,69.23,2,1,3,23.08,99,10,76.92,0,0,0,0,0,0,0,0,0,0,0,0,0,0,0,0,0,0,0,0,0,0,0,0,0,0,0,0,0,0,0,0,0,0,0,0,0,0,0,0,0,0,0,0,0,0,0,0,0,0,0,0,0,0,0,0,0,0,0,0,0,0,0,0,0,0,0,0,0
2,00,03,54.93,36,85.71,6,14.29,0,0,0,0,2,4.76,3,7.14,21,50,16,38.1,2,1,15,35.71,99,27,64.29,0,0,0,0,0,0,0,0,0,0,0,0,0,0,0,0,0,0,0,0,0,0,0,0,0,0,0,0,0,0,0,0,0,0,0,0,0,0,0,0,0,0,0,0,0,0,0,0,0,0,0,0,0,0,0,0,0,0,0,0,0,0,0,0,0,0,0,0,0
2,00,04,52.4,8,80,2,20,0,0,0,0,1,10,1,10,5,50,3,30,2,1,2,20,99,8,80,0,0,0,0,0,0,0,0,0,0,0,0,0,0,0,0,0,0,0,0,0,0,0,0,0,0,0,0,0,0,0,0,0,0,0,0,0,0,0,0,0,0,0,0,0,0,0,0,0,0,0,0,0,0,0,0,0,0,0,0,0,0,0,0,0,0,0,0,0
2,00,05,55.12,15,88.24,2,11.76,0,0,0,0,0,0,2,11.76,6,35.29,9,52.94,2,1,9,52.94,99,8,47.06,0,0,0,0,0,0,0,0,0,0,0,0,0,0,0,0,0,0,0,0,0,0,0,0,0,0,0,0,0,0,0,0,0,0,0,0,0,0,0,0,0,0,0,0,0,0,0,0,0,0,0,0,0,0,0,0,0,0,0,0,0,0,0,0,0,0,0,0,0
2,00,06,56.55,17,85,3,15,0,0,1,5,1,5,2,10,7,35,9,45,2,1,5,25,99,15,75,0,0,0,0,0,0,0,0,0,0,0,0,0,0,0,0,0,0,0,0,0,0,0,0,0,0,0,0,0,0,0,0,0,0,0,0,0,0,0,0,0,0,0,0,0,0,0,0,0,0,0,0,0,0,0,0,0,0,0,0,0,0,0,0,0,0,0,0,0
2,00,07,58.18,16,94.12,1,5.88,0,0,0,0,2,11.76,1,5.88,7,41.18,7,41.18,2,1,2,11.76,99,15,88.24,0,0,0,0,0,0,0,0,0,0,0,0,0,0,0,0,0,0,0,0,0,0,0,0,0,0,0,0,0,0,0,0,0,0,0,0,0,0,0,0,0,0,0,0,0,0,0,0,0,0,0,0,0,0,0,0,0,0,0,0,0,0,0,0,0,0,0,0,0
2,00,08,56.07,72,85.71,12,14.29,0,0,2,2.38,4,4.76,11,13.1,35,41.67,32,38.1,3,1,13,15.48,3,3,3.57,99,68,80.95,0,0,0,0,0,0,0,0,0,0,0,0,0,0,0,0,0,0,0,0,0,0,0,0,0,0,0,0,0,0,0,0,0,0,0,0,0,0,0,0,0,0,0,0,0,0,0,0,0,0,0,0,0,0,0,0,0,0,0,0,0,0,0,0,0,0
2,00,09,55.42,29,76.32,9,23.68,0,0,0,0,0,0,4,10.53,17,44.74,17,44.74,3,1,2,5.26,3,9,23.68,99,27,71.05,0,0,0,0,0,0,0,0,0,0,0,0,0,0,0,0,0,0,0,0,0,0,0,0,0,0,0,0,0,0,0,0,0,0,0,0,0,0,0,0,0,0,0,0,0,0,0,0,0,0,0,0,0,0,0,0,0,0,0,0,0,0,0,0,0,0
2,00,10,55.99,99,83.19,20,16.81,0,0,2,1.68,4,3.36,13,10.92,45,37.82,55,46.22,3,1,10,8.4,3,13,10.92,99,96,80.67,0,0,0,0,0,0,0,0,0,0,0,0,0,0,0,0,0,0,0,0,0,0,0,0,0,0,0,0,0,0,0,0,0,0,0,0,0,0,0,0,0,0,0,0,0,0,0,0,0,0,0,0,0,0,0,0,0,0,0,0,0,0,0,0,0,0
2,00,11,57.07,102,81.6,23,18.4,0,0,0,0,3,2.4,20,16,48,38.4,54,43.2,3,1,16,12.8,3,5,4,99,104,83.2,0,0,0,0,0,0,0,0,0,0,0,0,0,0,0,0,0,0,0,0,0,0,0,0,0,0,0,0,0,0,0,0,0,0,0,0,0,0,0,0,0,0,0,0,0,0,0,0,0,0,0,0,0,0,0,0,0,0,0,0,0,0,0,0,0,0
2,00,12,54.99,73,78.49,20,21.51,0,0,2,2.15,5,5.38,11,11.83,36,38.71,39,41.94,2,1,52,55.91,99,41,44.09,0,0,0,0,0,0,0,0,0,0,0,0,0,0,0,0,0,0,0,0,0,0,0,0,0,0,0,0,0,0,0,0,0,0,0,0,0,0,0,0,0,0,0,0,0,0,0,0,0,0,0,0,0,0,0,0,0,0,0,0,0,0,0,0,0,0,0,0,0
2,00,13,55.87,46,74.19,16,25.81,0,0,3,4.84,6,9.68,10,16.13,28,45.16,15,24.19,4,1,48,77.42,3,1,1.61,6,1,1.61,99,12,19.35,0,0,0,0,0,0,0,0,0,0,0,0,0,0,0,0,0,0,0,0,0,0,0,0,0,0,0,0,0,0,0,0,0,0,0,0,0,0,0,0,0,0,0,0,0,0,0,0,0,0,0,0,0,0,0,0,0,0,0,0,0,0,0
2,00,14,55.74,34,80.95,8,19.05,0,0,0,0,5,11.9,4,9.52,17,40.48,16,38.1,3,1,3,7.14,3,1,2.38,99,38,90.48,0,0,0,0,0,0,0,0,0,0,0,0,0,0,0,0,0,0,0,0,0,0,0,0,0,0,0,0,0,0,0,0,0,0,0,0,0,0,0,0,0,0,0,0,0,0,0,0,0,0,0,0,0,0,0,0,0,0,0,0,0,0,0,0,0,0
2,00,15,56.35,19,95,1,5,0,0,0,0,0,0,2,10,8,40,10,50,2,9,1,5,99,19,95,0,0,0,0,0,0,0,0,0,0,0,0,0,0,0,0,0,0,0,0,0,0,0,0,0,0,0,0,0,0,0,0,0,0,0,0,0,0,0,0,0,0,0,0,0,0,0,0,0,0,0,0,0,0,0,0,0,0,0,0,0,0,0,0,0,0,0,0,0
2,00,16,53.49,41,87.23,6,12.77,0,0,1,2.13,4,8.51,5,10.64,24,51.06,13,27.66,3,1,7,14.89,3,2,4.26,99,38,80.85,0,0,0,0,0,0,0,0,0,0,0,0,0,0,0,0,0,0,0,0,0,0,0,0,0,0,0,0,0,0,0,0,0,0,0,0,0,0,0,0,0,0,0,0,0,0,0,0,0,0,0,0,0,0,0,0,0,0,0,0,0,0,0,0,0,0
2,00,17,51.14,22,78.57,6,21.43,0,0,1,3.57,6,21.43,3,10.71,9,32.14,9,32.14,2,1,8,28.57,99,20,71.43,0,0,0,0,0,0,0,0,0,0,0,0,0,0,0,0,0,0,0,0,0,0,0,0,0,0,0,0,0,0,0,0,0,0,0,0,0,0,0,0,0,0,0,0,0,0,0,0,0,0,0,0,0,0,0,0,0,0,0,0,0,0,0,0,0,0,0,0,0
2,00,18,56.13,50,72.46,19,27.54,0,0,2,2.9,5,7.25,15,21.74,32,46.38,15,21.74,2,1,44,63.77,99,25,36.23,0,0,0,0,0,0,0,0,0,0,0,0,0,0,0,0,0,0,0,0,0,0,0,0,0,0,0,0,0,0,0,0,0,0,0,0,0,0,0,0,0,0,0,0,0,0,0,0,0,0,0,0,0,0,0,0,0,0,0,0,0,0,0,0,0,0,0,0,0
2,00,19,53.75,6,75,2,25,0,0,0,0,3,37.5,0,0,3,37.5,2,25,2,1,3,37.5,99,5,62.5,0,0,0,0,0,0,0,0,0,0,0,0,0,0,0,0,0,0,0,0,0,0,0,0,0,0,0,0,0,0,0,0,0,0,0,0,0,0,0,0,0,0,0,0,0,0,0,0,0,0,0,0,0,0,0,0,0,0,0,0,0,0,0,0,0,0,0,0,0
2,00,20,59.08,10,83.33,2,16.67,0,0,0,0,0,0,0,0,0,0,12,100,2,1,2,16.67,99,10,83.33,0,0,0,0,0,0,0,0,0,0,0,0,0,0,0,0,0,0,0,0,0,0,0,0,0,0,0,0,0,0,0,0,0,0,0,0,0,0,0,0,0,0,0,0,0,0,0,0,0,0,0,0,0,0,0,0,0,0,0,0,0,0,0,0,0,0,0,0,0
2,00,21,51.71,6,85.71,1,14.29,0,0,0,0,0,0,1,14.29,2,28.57,4,57.14,1,99,7,100,0,0,0,0,0,0,0,0,0,0,0,0,0,0,0,0,0,0,0,0,0,0,0,0,0,0,0,0,0,0,0,0,0,0,0,0,0,0,0,0,0,0,0,0,0,0,0,0,0,0,0,0,0,0,0,0,0,0,0,0,0,0,0,0,0,0,0,0,0,0,0,0
2,00,22,49.6,4,80,1,20,0,0,0,0,0,0,0,0,3,60,2,40,2,1,1,20,99,4,80,0,0,0,0,0,0,0,0,0,0,0,0,0,0,0,0,0,0,0,0,0,0,0,0,0,0,0,0,0,0,0,0,0,0,0,0,0,0,0,0,0,0,0,0,0,0,0,0,0,0,0,0,0,0,0,0,0,0,0,0,0,0,0,0,0,0,0,0,0
2,00,23,56.5,10,83.33,2,16.67,0,0,0,0,0,0,0,0,8,66.67,4,33.33,2,1,1,8.33,99,11,91.67,0,0,0,0,0,0,0,0,0,0,0,0,0,0,0,0,0,0,0,0,0,0,0,0,0,0,0,0,0,0,0,0,0,0,0,0,0,0,0,0,0,0,0,0,0,0,0,0,0,0,0,0,0,0,0,0,0,0,0,0,0,0,0,0,0,0,0,0,0
2,00,24,53.47,29,85.29,5,14.71,0,0,2,5.88,0,0,3,8.82,11,32.35,18,52.94,2,1,7,20.59,99,27,79.41,0,0,0,0,0,0,0,0,0,0,0,0,0,0,0,0,0,0,0,0,0,0,0,0,0,0,0,0,0,0,0,0,0,0,0,0,0,0,0,0,0,0,0,0,0,0,0,0,0,0,0,0,0,0,0,0,0,0,0,0,0,0,0,0,0,0,0,0,0
2,00,25,60.42,12,100,0,0,0,0,1,8.33,0,0,0,0,6,50,5,41.67,2,1,2,16.67,99,10,83.33,0,0,0,0,0,0,0,0,0,0,0,0,0,0,0,0,0,0,0,0,0,0,0,0,0,0,0,0,0,0,0,0,0,0,0,0,0,0,0,0,0,0,0,0,0,0,0,0,0,0,0,0,0,0,0,0,0,0,0,0,0,0,0,0,0,0,0,0,0
2,00,26,54.73,9,81.82,2,18.18,0,0,0,0,0,0,2,18.18,2,18.18,7,63.64,3,1,1,9.09,3,2,18.18,99,8,72.73,0,0,0,0,0,0,0,0,0,0,0,0,0,0,0,0,0,0,0,0,0,0,0,0,0,0,0,0,0,0,0,0,0,0,0,0,0,0,0,0,0,0,0,0,0,0,0,0,0,0,0,0,0,0,0,0,0,0,0,0,0,0,0,0,0,0
2,00,27,59.67,14,93.33,1,6.67,0,0,0,0,0,0,1,6.67,3,20,11,73.33,1,99,15,100,0,0,0,0,0,0,0,0,0,0,0,0,0,0,0,0,0,0,0,0,0,0,0,0,0,0,0,0,0,0,0,0,0,0,0,0,0,0,0,0,0,0,0,0,0,0,0,0,0,0,0,0,0,0,0,0,0,0,0,0,0,0,0,0,0,0,0,0,0,0,0,0
2,00,28,57.8,9,90,1,10,0,0,0,0,0,0,1,10,0,0,9,90,2,1,5,50,99,5,50,0,0,0,0,0,0,0,0,0,0,0,0,0,0,0,0,0,0,0,0,0,0,0,0,0,0,0,0,0,0,0,0,0,0,0,0,0,0,0,0,0,0,0,0,0,0,0,0,0,0,0,0,0,0,0,0,0,0,0,0,0,0,0,0,0,0,0,0,0
2,00,29,57.04,39,78,11,22,0,0,2,4,8,16,7,14,16,32,17,34,2,1,15,30,99,35,70,0,0,0,0,0,0,0,0,0,0,0,0,0,0,0,0,0,0,0,0,0,0,0,0,0,0,0,0,0,0,0,0,0,0,0,0,0,0,0,0,0,0,0,0,0,0,0,0,0,0,0,0,0,0,0,0,0,0,0,0,0,0,0,0,0,0,0,0,0
3,00,00,56.17,398,80.4,97,19.6,0,0,12,2.42,31,6.26,79,15.96,194,39.19,179,36.16,3,1,142,28.69,3,2,0.4,99,351,70.91,0,0,0,0,0,0,0,0,0,0,0,0,0,0,0,0,0,0,0,0,0,0,0,0,0,0,0,0,0,0,0,0,0,0,0,0,0,0,0,0,0,0,0,0,0,0,0,0,0,0,0,0,0,0,0,0,0,0,0,0,0,0,0,0,0,0
3,00,01,55.53,54,71.05,22,28.95,0,0,2,2.63,9,11.84,9,11.84,26,34.21,30,39.47,2,1,25,32.89,99,51,67.11,0,0,0,0,0,0,0,0,0,0,0,0,0,0,0,0,0,0,0,0,0,0,0,0,0,0,0,0,0,0,0,0,0,0,0,0,0,0,0,0,0,0,0,0,0,0,0,0,0,0,0,0,0,0,0,0,0,0,0,0,0,0,0,0,0,0,0,0,0
3,00,02,55.07,24,80,6,20,0,0,1,3.33,1,3.33,5,16.67,13,43.33,10,33.33,2,1,8,26.67,99,22,73.33,0,0,0,0,0,0,0,0,0,0,0,0,0,0,0,0,0,0,0,0,0,0,0,0,0,0,0,0,0,0,0,0,0,0,0,0,0,0,0,0,0,0,0,0,0,0,0,0,0,0,0,0,0,0,0,0,0,0,0,0,0,0,0,0,0,0,0,0,0
3,00,03,57.83,41,85.42,7,14.58,0,0,0,0,2,4.17,5,10.42,20,41.67,21,43.75,2,1,19,39.58,99,29,60.42,0,0,0,0,0,0,0,0,0,0,0,0,0,0,0,0,0,0,0,0,0,0,0,0,0,0,0,0,0,0,0,0,0,0,0,0,0,0,0,0,0,0,0,0,0,0,0,0,0,0,0,0,0,0,0,0,0,0,0,0,0,0,0,0,0,0,0,0,0
3,00,04,56.46,34,91.89,3,8.11,0,0,1,2.7,3,8.11,5,13.51,15,40.54,13,35.14,3,1,7,18.92,3,2,5.41,99,28,75.68,0,0,0,0,0,0,0,0,0,0,0,0,0,0,0,0,0,0,0,0,0,0,0,0,0,0,0,0,0,0,0,0,0,0,0,0,0,0,0,0,0,0,0,0,0,0,0,0,0,0,0,0,0,0,0,0,0,0,0,0,0,0,0,0,0,0
3,00,05,57.83,17,94.44,1,5.56,0,0,0,0,0,0,4,22.22,8,44.44,6,33.33,2,1,1,5.56,99,17,94.44,0,0,0,0,0,0,0,0,0,0,0,0,0,0,0,0,0,0,0,0,0,0,0,0,0,0,0,0,0,0,0,0,0,0,0,0,0,0,0,0,0,0,0,0,0,0,0,0,0,0,0,0,0,0,0,0,0,0,0,0,0,0,0,0,0,0,0,0,0
3,00,06,58,23,85.19,4,14.81,0,0,1,3.7,1,3.7,2,7.41,9,33.33,14,51.85,2,1,6,22.22,99,21,77.78,0,0,0,0,0,0,0,0,0,0,0,0,0,0,0,0,0,0,0,0,0,0,0,0,0,0,0,0,0,0,0,0,0,0,0,0,0,0,0,0,0,0,0,0,0,0,0,0,0,0,0,0,0,0,0,0,0,0,0,0,0,0,0,0,0,0,0,0,0
3,00,07,56.7,10,100,0,0,0,0,0,0,0,0,2,20,5,50,3,30,2,1,5,50,99,5,50,0,0,0,0,0,0,0,0,0,0,0,0,0,0,0,0,0,0,0,0,0,0,0,0,0,0,0,0,0,0,0,0,0,0,0,0,0,0,0,0,0,0,0,0,0,0,0,0,0,0,0,0,0,0,0,0,0,0,0,0,0,0,0,0,0,0,0,0,0
3,00,08,54.53,69,81.18,16,18.82,0,0,4,4.71,5,5.88,22,25.88,33,38.82,21,24.71,2,1,36,42.35,99,49,57.65,0,0,0,0,0,0,0,0,0,0,0,0,0,0,0,0,0,0,0,0,0,0,0,0,0,0,0,0,0,0,0,0,0,0,0,0,0,0,0,0,0,0,0,0,0,0,0,0,0,0,0,0,0,0,0,0,0,0,0,0,0,0,0,0,0,0,0,0,0
3,00,09,55.54,30,65.22,16,34.78,0,0,2,4.35,4,8.7,8,17.39,17,36.96,15,32.61,2,1,16,34.78,99,30,65.22,0,0,0,0,0,0,0,0,0,0,0,0,0,0,0,0,0,0,0,0,0,0,0,0,0,0,0,0,0,0,0,0,0,0,0,0,0,0,0,0,0,0,0,0,0,0,0,0,0,0,0,0,0,0,0,0,0,0,0,0,0,0,0,0,0,0,0,0,0
3,00,10,56.68,34,82.93,7,17.07,0,0,1,2.44,3,7.32,4,9.76,14,34.15,19,46.34,2,1,7,17.07,99,34,82.93,0,0,0,0,0,0,0,0,0,0,0,0,0,0,0,0,0,0,0,0,0,0,0,0,0,0,0,0,0,0,0,0,0,0,0,0,0,0,0,0,0,0,0,0,0,0,0,0,0,0,0,0,0,0,0,0,0,0,0,0,0,0,0,0,0,0,0,0,0
3,00,11,55.97,22,73.33,8,26.67,0,0,0,0,2,6.67,7,23.33,12,40,9,30,2,1,12,40,99,18,60,0,0,0,0,0,0,0,0,0,0,0,0,0,0,0,0,0,0,0,0,0,0,0,0,0,0,0,0,0,0,0,0,0,0,0,0,0,0,0,0,0,0,0,0,0,0,0,0,0,0,0,0,0,0,0,0,0,0,0,0,0,0,0,0,0,0,0,0,0
3,00,12,57.26,19,82.61,4,17.39,0,0,0,0,0,0,2,8.7,10,43.48,11,47.83,1,99,23,100,0,0,0,0,0,0,0,0,0,0,0,0,0,0,0,0,0,0,0,0,0,0,0,0,0,0,0,0,0,0,0,0,0,0,0,0,0,0,0,0,0,0,0,0,0,0,0,0,0,0,0,0,0,0,0,0,0,0,0,0,0,0,0,0,0,0,0,0,0,0,0,0
3,00,13,57.71,21,87.5,3,12.5,0,0,0,0,1,4.17,4,16.67,12,50,7,29.17,1,99,24,100,0,0,0,0,0,0,0,0,0,0,0,0,0,0,0,0,0,0,0,0,0,0,0,0,0,0,0,0,0,0,0,0,0,0,0,0,0,0,0,0,0,0,0,0,0,0,0,0,0,0,0,0,0,0,0,0,0,0,0,0,0,0,0,0,0,0,0,0,0,0,0,0
4,00,00,56.94,529,84.64,96,15.36,0,0,15,2.4,41,6.56,85,13.6,229,36.64,255,40.8,3,1,174,27.84,3,31,4.96,99,420,67.2,0,0,0,0,0,0,0,0,0,0,0,0,0,0,0,0,0,0,0,0,0,0,0,0,0,0,0,0,0,0,0,0,0,0,0,0,0,0,0,0,0,0,0,0,0,0,0,0,0,0,0,0,0,0,0,0,0,0,0,0,0,0,0,0,0,0
4,00,01,59,23,79.31,6,20.69,0,0,0,0,0,0,3,10.34,11,37.93,15,51.72,3,1,6,20.69,3,1,3.45,99,22,75.86,0,0,0,0,0,0,0,0,0,0,0,0,0,0,0,0,0,0,0,0,0,0,0,0,0,0,0,0,0,0,0,0,0,0,0,0,0,0,0,0,0,0,0,0,0,0,0,0,0,0,0,0,0,0,0,0,0,0,0,0,0,0,0,0,0,0
4,00,02,58.58,10,83.33,2,16.67,0,0,0,0,0,0,1,8.33,4,33.33,7,58.33,2,1,2,16.67,99,10,83.33,0,0,0,0,0,0,0,0,0,0,0,0,0,0,0,0,0,0,0,0,0,0,0,0,0,0,0,0,0,0,0,0,0,0,0,0,0,0,0,0,0,0,0,0,0,0,0,0,0,0,0,0,0,0,0,0,0,0,0,0,0,0,0,0,0,0,0,0,0
4,00,03,57.18,9,81.82,2,18.18,0,0,0,0,0,0,0,0,8,72.73,3,27.27,2,1,1,9.09,99,10,90.91,0,0,0,0,0,0,0,0,0,0,0,0,0,0,0,0,0,0,0,0,0,0,0,0,0,0,0,0,0,0,0,0,0,0,0,0,0,0,0,0,0,0,0,0,0,0,0,0,0,0,0,0,0,0,0,0,0,0,0,0,0,0,0,0,0,0,0,0,0
4,00,04,61.69,27,84.38,5,15.63,0,0,0,0,1,3.13,3,9.38,9,28.13,19,59.38,2,1,3,9.38,99,29,90.63,0,0,0,0,0,0,0,0,0,0,0,0,0,0,0,0,0,0,0,0,0,0,0,0,0,0,0,0,0,0,0,0,0,0,0,0,0,0,0,0,0,0,0,0,0,0,0,0,0,0,0,0,0,0,0,0,0,0,0,0,0,0,0,0,0,0,0,0,0
4,00,05,56.93,12,85.71,2,14.29,0,0,0,0,0,0,0,0,4,28.57,10,71.43,2,1,2,14.29,99,12,85.71,0,0,0,0,0,0,0,0,0,0,0,0,0,0,0,0,0,0,0,0,0,0,0,0,0,0,0,0,0,0,0,0,0,0,0,0,0,0,0,0,0,0,0,0,0,0,0,0,0,0,0,0,0,0,0,0,0,0,0,0,0,0,0,0,0,0,0,0,0
4,00,06,53.14,16,76.19,5,23.81,0,0,0,0,1,4.76,0,0,5,23.81,15,71.43,2,1,6,28.57,99,15,71.43,0,0,0,0,0,0,0,0,0,0,0,0,0,0,0,0,0,0,0,0,0,0,0,0,0,0,0,0,0,0,0,0,0,0,0,0,0,0,0,0,0,0,0,0,0,0,0,0,0,0,0,0,0,0,0,0,0,0,0,0,0,0,0,0,0,0,0,0,0
4,00,07,59.5,13,81.25,3,18.75,0,0,0,0,1,6.25,2,12.5,4,25,9,56.25,1,99,16,100,0,0,0,0,0,0,0,0,0,0,0,0,0,0,0,0,0,0,0,0,0,0,0,0,0,0,0,0,0,0,0,0,0,0,0,0,0,0,0,0,0,0,0,0,0,0,0,0,0,0,0,0,0,0,0,0,0,0,0,0,0,0,0,0,0,0,0,0,0,0,0,0
4,00,08,57.65,17,100,0,0,0,0,0,0,0,0,4,23.53,3,17.65,10,58.82,2,1,1,5.88,99,16,94.12,0,0,0,0,0,0,0,0,0,0,0,0,0,0,0,0,0,0,0,0,0,0,0,0,0,0,0,0,0,0,0,0,0,0,0,0,0,0,0,0,0,0,0,0,0,0,0,0,0,0,0,0,0,0,0,0,0,0,0,0,0,0,0,0,0,0,0,0,0
4,00,09,57.81,16,100,0,0,0,0,0,0,3,18.75,1,6.25,5,31.25,7,43.75,3,1,4,25,3,1,6.25,99,11,68.75,0,0,0,0,0,0,0,0,0,0,0,0,0,0,0,0,0,0,0,0,0,0,0,0,0,0,0,0,0,0,0,0,0,0,0,0,0,0,0,0,0,0,0,0,0,0,0,0,0,0,0,0,0,0,0,0,0,0,0,0,0,0,0,0,0,0
4,00,10,56.83,18,100,0,0,0,0,0,0,0,0,1,5.56,7,38.89,10,55.56,1,99,18,100,0,0,0,0,0,0,0,0,0,0,0,0,0,0,0,0,0,0,0,0,0,0,0,0,0,0,0,0,0,0,0,0,0,0,0,0,0,0,0,0,0,0,0,0,0,0,0,0,0,0,0,0,0,0,0,0,0,0,0,0,0,0,0,0,0,0,0,0,0,0,0,0
4,00,11,57.89,30,83.33,6,16.67,0,0,2,5.56,5,13.89,5,13.89,12,33.33,12,33.33,3,1,6,16.67,3,4,11.11,99,26,72.22,0,0,0,0,0,0,0,0,0,0,0,0,0,0,0,0,0,0,0,0,0,0,0,0,0,0,0,0,0,0,0,0,0,0,0,0,0,0,0,0,0,0,0,0,0,0,0,0,0,0,0,0,0,0,0,0,0,0,0,0,0,0,0,0,0,0
4,00,12,61.94,16,100,0,0,0,0,0,0,0,0,3,18.75,3,18.75,10,62.5,3,1,2,12.5,3,2,12.5,99,12,75,0,0,0,0,0,0,0,0,0,0,0,0,0,0,0,0,0,0,0,0,0,0,0,0,0,0,0,0,0,0,0,0,0,0,0,0,0,0,0,0,0,0,0,0,0,0,0,0,0,0,0,0,0,0,0,0,0,0,0,0,0,0,0,0,0,0
4,00,13,52.8,14,93.33,1,6.67,0,0,0,0,3,20,1,6.67,5,33.33,6,40,2,1,4,26.67,99,11,73.33,0,0,0,0,0,0,0,0,0,0,0,0,0,0,0,0,0,0,0,0,0,0,0,0,0,0,0,0,0,0,0,0,0,0,0,0,0,0,0,0,0,0,0,0,0,0,0,0,0,0,0,0,0,0,0,0,0,0,0,0,0,0,0,0,0,0,0,0,0
4,00,14,54.81,14,87.5,2,12.5,0,0,0,0,1,6.25,2,12.5,10,62.5,3,18.75,2,1,7,43.75,99,9,56.25,0,0,0,0,0,0,0,0,0,0,0,0,0,0,0,0,0,0,0,0,0,0,0,0,0,0,0,0,0,0,0,0,0,0,0,0,0,0,0,0,0,0,0,0,0,0,0,0,0,0,0,0,0,0,0,0,0,0,0,0,0,0,0,0,0,0,0,0,0
4,00,15,57.64,27,69.23,12,30.77,0,0,2,5.13,2,5.13,4,10.26,16,41.03,15,38.46,3,1,19,48.72,3,4,10.26,99,16,41.03,0,0,0,0,0,0,0,0,0,0,0,0,0,0,0,0,0,0,0,0,0,0,0,0,0,0,0,0,0,0,0,0,0,0,0,0,0,0,0,0,0,0,0,0,0,0,0,0,0,0,0,0,0,0,0,0,0,0,0,0,0,0,0,0,0,0
4,00,16,54.2,17,68,8,32,0,0,1,4,5,20,2,8,9,36,8,32,3,1,10,40,3,1,4,99,14,56,0,0,0,0,0,0,0,0,0,0,0,0,0,0,0,0,0,0,0,0,0,0,0,0,0,0,0,0,0,0,0,0,0,0,0,0,0,0,0,0,0,0,0,0,0,0,0,0,0,0,0,0,0,0,0,0,0,0,0,0,0,0,0,0,0,0
4,00,17,54.14,35,83.33,7,16.67,0,0,1,2.38,2,4.76,11,26.19,19,45.24,9,21.43,3,1,18,42.86,3,1,2.38,99,23,54.76,0,0,0,0,0,0,0,0,0,0,0,0,0,0,0,0,0,0,0,0,0,0,0,0,0,0,0,0,0,0,0,0,0,0,0,0,0,0,0,0,0,0,0,0,0,0,0,0,0,0,0,0,0,0,0,0,0,0,0,0,0,0,0,0,0,0
4,00,18,56.28,28,77.78,8,22.22,0,0,3,8.33,3,8.33,6,16.67,16,44.44,8,22.22,3,1,18,50,3,3,8.33,99,15,41.67,0,0,0,0,0,0,0,0,0,0,0,0,0,0,0,0,0,0,0,0,0,0,0,0,0,0,0,0,0,0,0,0,0,0,0,0,0,0,0,0,0,0,0,0,0,0,0,0,0,0,0,0,0,0,0,0,0,0,0,0,0,0,0,0,0,0
4,00,19,60.63,6,75,2,25,0,0,0,0,1,12.5,1,12.5,4,50,2,25,3,1,6,75,3,1,12.5,99,1,12.5,0,0,0,0,0,0,0,0,0,0,0,0,0,0,0,0,0,0,0,0,0,0,0,0,0,0,0,0,0,0,0,0,0,0,0,0,0,0,0,0,0,0,0,0,0,0,0,0,0,0,0,0,0,0,0,0,0,0,0,0,0,0,0,0,0,0
4,00,20,55.72,20,80,5,20,0,0,1,4,5,20,7,28,3,12,9,36,3,1,15,60,3,5,20,99,5,20,0,0,0,0,0,0,0,0,0,0,0,0,0,0,0,0,0,0,0,0,0,0,0,0,0,0,0,0,0,0,0,0,0,0,0,0,0,0,0,0,0,0,0,0,0,0,0,0,0,0,0,0,0,0,0,0,0,0,0,0,0,0,0,0,0,0
4,00,21,57.82,16,94.12,1,5.88,0,0,0,0,2,11.76,5,29.41,8,47.06,2,11.76,3,1,8,47.06,3,4,23.53,99,5,29.41,0,0,0,0,0,0,0,0,0,0,0,0,0,0,0,0,0,0,0,0,0,0,0,0,0,0,0,0,0,0,0,0,0,0,0,0,0,0,0,0,0,0,0,0,0,0,0,0,0,0,0,0,0,0,0,0,0,0,0,0,0,0,0,0,0,0
4,00,22,55.27,17,77.27,5,22.73,0,0,0,0,2,9.09,5,22.73,13,59.09,2,9.09,3,1,6,27.27,3,2,9.09,99,14,63.64,0,0,0,0,0,0,0,0,0,0,0,0,0,0,0,0,0,0,0,0,0,0,0,0,0,0,0,0,0,0,0,0,0,0,0,0,0,0,0,0,0,0,0,0,0,0,0,0,0,0,0,0,0,0,0,0,0,0,0,0,0,0,0,0,0,0
4,00,23,54.1,33,84.62,6,15.38,0,0,1,2.56,1,2.56,9,23.08,14,35.9,14,35.9,3,1,13,33.33,3,1,2.56,99,25,64.1,0,0,0,0,0,0,0,0,0,0,0,0,0,0,0,0,0,0,0,0,0,0,0,0,0,0,0,0,0,0,0,0,0,0,0,0,0,0,0,0,0,0,0,0,0,0,0,0,0,0,0,0,0,0,0,0,0,0,0,0,0,0,0,0,0,0
4,00,24,57.15,27,100,0,0,0,0,2,7.41,1,3.7,3,11.11,9,33.33,12,44.44,3,1,3,11.11,3,1,3.7,99,23,85.19,0,0,0,0,0,0,0,0,0,0,0,0,0,0,0,0,0,0,0,0,0,0,0,0,0,0,0,0,0,0,0,0,0,0,0,0,0,0,0,0,0,0,0,0,0,0,0,0,0,0,0,0,0,0,0,0,0,0,0,0,0,0,0,0,0,0
4,00,25,59.5,17,85,3,15,0,0,0,0,1,5,2,10,4,20,13,65,2,1,1,5,99,19,95,0,0,0,0,0,0,0,0,0,0,0,0,0,0,0,0,0,0,0,0,0,0,0,0,0,0,0,0,0,0,0,0,0,0,0,0,0,0,0,0,0,0,0,0,0,0,0,0,0,0,0,0,0,0,0,0,0,0,0,0,0,0,0,0,0,0,0,0,0
4,00,26,60.08,23,92,2,8,0,0,0,0,0,0,2,8,11,44,12,48,2,1,7,28,99,18,72,0,0,0,0,0,0,0,0,0,0,0,0,0,0,0,0,0,0,0,0,0,0,0,0,0,0,0,0,0,0,0,0,0,0,0,0,0,0,0,0,0,0,0,0,0,0,0,0,0,0,0,0,0,0,0,0,0,0,0,0,0,0,0,0,0,0,0,0,0
4,00,27,57.9,9,90,1,10,0,0,2,20,0,0,1,10,2,20,5,50,2,1,4,40,99,6,60,0,0,0,0,0,0,0,0,0,0,0,0,0,0,0,0,0,0,0,0,0,0,0,0,0,0,0,0,0,0,0,0,0,0,0,0,0,0,0,0,0,0,0,0,0,0,0,0,0,0,0,0,0,0,0,0,0,0,0,0,0,0,0,0,0,0,0,0,0
4,00,28,53.15,11,84.62,2,15.38,0,0,0,0,1,7.69,0,0,7,53.85,5,38.46,2,1,1,7.69,99,12,92.31,0,0,0,0,0,0,0,0,0,0,0,0,0,0,0,0,0,0,0,0,0,0,0,0,0,0,0,0,0,0,0,0,0,0,0,0,0,0,0,0,0,0,0,0,0,0,0,0,0,0,0,0,0,0,0,0,0,0,0,0,0,0,0,0,0,0,0,0,0
4,00,29,55.13,8,100,0,0,0,0,0,0,0,0,1,12.5,4,50,3,37.5,2,1,1,12.5,99,7,87.5,0,0,0,0,0,0,0,0,0,0,0,0,0,0,0,0,0,0,0,0,0,0,0,0,0,0,0,0,0,0,0,0,0,0,0,0,0,0,0,0,0,0,0,0,0,0,0,0,0,0,0,0,0,0,0,0,0,0,0,0,0,0,0,0,0,0,0,0,0
5,00,00,57.38,668,88.95,83,11.05,0,0,7,0.93,49,6.52,74,9.85,229,30.49,392,52.2,3,1,71,9.45,3,76,10.12,99,604,80.43,0,0,0,0,0,0,0,0,0,0,0,0,0,0,0,0,0,0,0,0,0,0,0,0,0,0,0,0,0,0,0,0,0,0,0,0,0,0,0,0,0,0,0,0,0,0,0,0,0,0,0,0,0,0,0,0,0,0,0,0,0,0,0,0,0,0
5,00,01,57.48,19,90.48,2,9.52,0,0,0,0,0,0,5,23.81,7,33.33,9,42.86,2,3,1,4.76,99,20,95.24,0,0,0,0,0,0,0,0,0,0,0,0,0,0,0,0,0,0,0,0,0,0,0,0,0,0,0,0,0,0,0,0,0,0,0,0,0,0,0,0,0,0,0,0,0,0,0,0,0,0,0,0,0,0,0,0,0,0,0,0,0,0,0,0,0,0,0,0,0
5,00,02,58.75,22,91.67,2,8.33,0,0,0,0,1,4.17,1,4.17,4,16.67,18,75,2,3,1,4.17,99,23,95.83,0,0,0,0,0,0,0,0,0,0,0,0,0,0,0,0,0,0,0,0,0,0,0,0,0,0,0,0,0,0,0,0,0,0,0,0,0,0,0,0,0,0,0,0,0,0,0,0,0,0,0,0,0,0,0,0,0,0,0,0,0,0,0,0,0,0,0,0,0
5,00,03,58.13,15,93.75,1,6.25,0,0,0,0,1,6.25,1,6.25,2,12.5,12,75,1,99,16,100,0,0,0,0,0,0,0,0,0,0,0,0,0,0,0,0,0,0,0,0,0,0,0,0,0,0,0,0,0,0,0,0,0,0,0,0,0,0,0,0,0,0,0,0,0,0,0,0,0,0,0,0,0,0,0,0,0,0,0,0,0,0,0,0,0,0,0,0,0,0,0,0
5,00,04,57.8,21,84,4,16,0,0,0,0,1,4,1,4,7,28,16,64,1,99,25,100,0,0,0,0,0,0,0,0,0,0,0,0,0,0,0,0,0,0,0,0,0,0,0,0,0,0,0,0,0,0,0,0,0,0,0,0,0,0,0,0,0,0,0,0,0,0,0,0,0,0,0,0,0,0,0,0,0,0,0,0,0,0,0,0,0,0,0,0,0,0,0,0
5,00,05,56.9,24,82.76,5,17.24,0,0,0,0,3,10.34,6,20.69,13,44.83,7,24.14,3,1,1,3.45,3,2,6.9,99,26,89.66,0,0,0,0,0,0,0,0,0,0,0,0,0,0,0,0,0,0,0,0,0,0,0,0,0,0,0,0,0,0,0,0,0,0,0,0,0,0,0,0,0,0,0,0,0,0,0,0,0,0,0,0,0,0,0,0,0,0,0,0,0,0,0,0,0,0
5,00,06,58.15,10,76.92,3,23.08,0,0,0,0,0,0,2,15.38,4,30.77,7,53.85,1,99,13,100,0,0,0,0,0,0,0,0,0,0,0,0,0,0,0,0,0,0,0,0,0,0,0,0,0,0,0,0,0,0,0,0,0,0,0,0,0,0,0,0,0,0,0,0,0,0,0,0,0,0,0,0,0,0,0,0,0,0,0,0,0,0,0,0,0,0,0,0,0,0,0,0
5,00,07,58.08,11,84.62,2,15.38,0,0,0,0,1,7.69,0,0,4,30.77,8,61.54,3,1,3,23.08,3,1,7.69,99,9,69.23,0,0,0,0,0,0,0,0,0,0,0,0,0,0,0,0,0,0,0,0,0,0,0,0,0,0,0,0,0,0,0,0,0,0,0,0,0,0,0,0,0,0,0,0,0,0,0,0,0,0,0,0,0,0,0,0,0,0,0,0,0,0,0,0,0,0
5,00,08,58.31,12,92.31,1,7.69,0,0,0,0,1,7.69,1,7.69,4,30.77,7,53.85,1,99,13,100,0,0,0,0,0,0,0,0,0,0,0,0,0,0,0,0,0,0,0,0,0,0,0,0,0,0,0,0,0,0,0,0,0,0,0,0,0,0,0,0,0,0,0,0,0,0,0,0,0,0,0,0,0,0,0,0,0,0,0,0,0,0,0,0,0,0,0,0,0,0,0,0
5,00,09,56.94,15,83.33,3,16.67,0,0,0,0,0,0,0,0,0,0,18,100,1,99,18,100,0,0,0,0,0,0,0,0,0,0,0,0,0,0,0,0,0,0,0,0,0,0,0,0,0,0,0,0,0,0,0,0,0,0,0,0,0,0,0,0,0,0,0,0,0,0,0,0,0,0,0,0,0,0,0,0,0,0,0,0,0,0,0,0,0,0,0,0,0,0,0,0
5,00,10,57.67,15,100,0,0,0,0,0,0,0,0,0,0,7,46.67,8,53.33,1,99,15,100,0,0,0,0,0,0,0,0,0,0,0,0,0,0,0,0,0,0,0,0,0,0,0,0,0,0,0,0,0,0,0,0,0,0,0,0,0,0,0,0,0,0,0,0,0,0,0,0,0,0,0,0,0,0,0,0,0,0,0,0,0,0,0,0,0,0,0,0,0,0,0,0
5,00,11,63.58,12,100,0,0,0,0,0,0,1,8.33,4,33.33,1,8.33,6,50,2,1,1,8.33,99,11,91.67,0,0,0,0,0,0,0,0,0,0,0,0,0,0,0,0,0,0,0,0,0,0,0,0,0,0,0,0,0,0,0,0,0,0,0,0,0,0,0,0,0,0,0,0,0,0,0,0,0,0,0,0,0,0,0,0,0,0,0,0,0,0,0,0,0,0,0,0,0
5,00,12,57.59,25,86.21,4,13.79,0,0,0,0,3,10.34,2,6.9,13,44.83,11,37.93,2,3,1,3.45,99,28,96.55,0,0,0,0,0,0,0,0,0,0,0,0,0,0,0,0,0,0,0,0,0,0,0,0,0,0,0,0,0,0,0,0,0,0,0,0,0,0,0,0,0,0,0,0,0,0,0,0,0,0,0,0,0,0,0,0,0,0,0,0,0,0,0,0,0,0,0,0,0
5,00,13,60.92,13,100,0,0,0,0,0,0,0,0,3,23.08,4,30.77,6,46.15,2,1,2,15.38,99,11,84.62,0,0,0,0,0,0,0,0,0,0,0,0,0,0,0,0,0,0,0,0,0,0,0,0,0,0,0,0,0,0,0,0,0,0,0,0,0,0,0,0,0,0,0,0,0,0,0,0,0,0,0,0,0,0,0,0,0,0,0,0,0,0,0,0,0,0,0,0,0
5,00,14,57.39,23,100,0,0,0,0,0,0,0,0,3,13.04,1,4.35,19,82.61,2,3,2,8.7,99,21,91.3,0,0,0,0,0,0,0,0,0,0,0,0,0,0,0,0,0,0,0,0,0,0,0,0,0,0,0,0,0,0,0,0,0,0,0,0,0,0,0,0,0,0,0,0,0,0,0,0,0,0,0,0,0,0,0,0,0,0,0,0,0,0,0,0,0,0,0,0,0
5,00,15,60.67,15,71.43,6,28.57,0,0,0,0,3,14.29,4,19.05,4,19.05,10,47.62,1,99,21,100,0,0,0,0,0,0,0,0,0,0,0,0,0,0,0,0,0,0,0,0,0,0,0,0,0,0,0,0,0,0,0,0,0,0,0,0,0,0,0,0,0,0,0,0,0,0,0,0,0,0,0,0,0,0,0,0,0,0,0,0,0,0,0,0,0,0,0,0,0,0,0,0
5,00,16,60.25,11,91.67,1,8.33,0,0,0,0,0,0,0,0,4,33.33,8,66.67,2,1,1,8.33,99,11,91.67,0,0,0,0,0,0,0,0,0,0,0,0,0,0,0,0,0,0,0,0,0,0,0,0,0,0,0,0,0,0,0,0,0,0,0,0,0,0,0,0,0,0,0,0,0,0,0,0,0,0,0,0,0,0,0,0,0,0,0,0,0,0,0,0,0,0,0,0,0
5,00,17,56.62,18,85.71,3,14.29,0,0,0,0,1,4.76,2,9.52,5,23.81,13,61.9,3,1,1,4.76,3,2,9.52,99,18,85.71,0,0,0,0,0,0,0,0,0,0,0,0,0,0,0,0,0,0,0,0,0,0,0,0,0,0,0,0,0,0,0,0,0,0,0,0,0,0,0,0,0,0,0,0,0,0,0,0,0,0,0,0,0,0,0,0,0,0,0,0,0,0,0,0,0,0
5,00,18,57.88,15,93.75,1,6.25,0,0,0,0,0,0,2,12.5,4,25,10,62.5,1,99,16,100,0,0,0,0,0,0,0,0,0,0,0,0,0,0,0,0,0,0,0,0,0,0,0,0,0,0,0,0,0,0,0,0,0,0,0,0,0,0,0,0,0,0,0,0,0,0,0,0,0,0,0,0,0,0,0,0,0,0,0,0,0,0,0,0,0,0,0,0,0,0,0,0
5,00,19,60.7,8,80,2,20,0,0,0,0,1,10,1,10,0,0,8,80,1,99,10,100,0,0,0,0,0,0,0,0,0,0,0,0,0,0,0,0,0,0,0,0,0,0,0,0,0,0,0,0,0,0,0,0,0,0,0,0,0,0,0,0,0,0,0,0,0,0,0,0,0,0,0,0,0,0,0,0,0,0,0,0,0,0,0,0,0,0,0,0,0,0,0,0
5,00,20,53.29,7,100,0,0,0,0,0,0,0,0,2,28.57,1,14.29,4,57.14,2,3,1,14.29,99,6,85.71,0,0,0,0,0,0,0,0,0,0,0,0,0,0,0,0,0,0,0,0,0,0,0,0,0,0,0,0,0,0,0,0,0,0,0,0,0,0,0,0,0,0,0,0,0,0,0,0,0,0,0,0,0,0,0,0,0,0,0,0,0,0,0,0,0,0,0,0,0
5,00,21,60.15,19,95,1,5,0,0,0,0,0,0,0,0,5,25,15,75,1,99,20,100,0,0,0,0,0,0,0,0,0,0,0,0,0,0,0,0,0,0,0,0,0,0,0,0,0,0,0,0,0,0,0,0,0,0,0,0,0,0,0,0,0,0,0,0,0,0,0,0,0,0,0,0,0,0,0,0,0,0,0,0,0,0,0,0,0,0,0,0,0,0,0,0
5,00,22,49.86,7,100,0,0,0,0,0,0,1,14.29,0,0,2,28.57,4,57.14,1,99,7,100,0,0,0,0,0,0,0,0,0,0,0,0,0,0,0,0,0,0,0,0,0,0,0,0,0,0,0,0,0,0,0,0,0,0,0,0,0,0,0,0,0,0,0,0,0,0,0,0,0,0,0,0,0,0,0,0,0,0,0,0,0,0,0,0,0,0,0,0,0,0,0,0
5,00,23,57,8,88.89,1,11.11,0,0,0,0,0,0,1,11.11,3,33.33,5,55.56,1,99,9,100,0,0,0,0,0,0,0,0,0,0,0,0,0,0,0,0,0,0,0,0,0,0,0,0,0,0,0,0,0,0,0,0,0,0,0,0,0,0,0,0,0,0,0,0,0,0,0,0,0,0,0,0,0,0,0,0,0,0,0,0,0,0,0,0,0,0,0,0,0,0,0,0
5,00,24,57.78,8,88.89,1,11.11,0,0,0,0,0,0,0,0,3,33.33,6,66.67,2,1,1,11.11,99,8,88.89,0,0,0,0,0,0,0,0,0,0,0,0,0,0,0,0,0,0,0,0,0,0,0,0,0,0,0,0,0,0,0,0,0,0,0,0,0,0,0,0,0,0,0,0,0,0,0,0,0,0,0,0,0,0,0,0,0,0,0,0,0,0,0,0,0,0,0,0,0
5,00,25,58.7,10,100,0,0,0,0,0,0,0,0,1,10,5,50,4,40,1,99,10,100,0,0,0,0,0,0,0,0,0,0,0,0,0,0,0,0,0,0,0,0,0,0,0,0,0,0,0,0,0,0,0,0,0,0,0,0,0,0,0,0,0,0,0,0,0,0,0,0,0,0,0,0,0,0,0,0,0,0,0,0,0,0,0,0,0,0,0,0,0,0,0,0
5,00,26,55.91,11,100,0,0,0,0,0,0,1,9.09,1,9.09,4,36.36,5,45.45,2,3,1,9.09,99,10,90.91,0,0,0,0,0,0,0,0,0,0,0,0,0,0,0,0,0,0,0,0,0,0,0,0,0,0,0,0,0,0,0,0,0,0,0,0,0,0,0,0,0,0,0,0,0,0,0,0,0,0,0,0,0,0,0,0,0,0,0,0,0,0,0,0,0,0,0,0,0
5,00,27,55.41,38,97.44,1,2.56,0,0,1,2.56,2,5.13,5,12.82,9,23.08,22,56.41,3,1,10,25.64,3,6,15.38,99,23,58.97,0,0,0,0,0,0,0,0,0,0,0,0,0,0,0,0,0,0,0,0,0,0,0,0,0,0,0,0,0,0,0,0,0,0,0,0,0,0,0,0,0,0,0,0,0,0,0,0,0,0,0,0,0,0,0,0,0,0,0,0,0,0,0,0,0,0
5,00,28,56.92,50,98.04,1,1.96,0,0,0,0,1,1.96,0,0,6,11.76,44,86.27,3,1,1,1.96,3,18,35.29,99,32,62.75,0,0,0,0,0,0,0,0,0,0,0,0,0,0,0,0,0,0,0,0,0,0,0,0,0,0,0,0,0,0,0,0,0,0,0,0,0,0,0,0,0,0,0,0,0,0,0,0,0,0,0,0,0,0,0,0,0,0,0,0,0,0,0,0,0,0
5,00,29,57.63,32,74.42,11,25.58,0,0,3,6.98,5,11.63,5,11.63,21,48.84,9,20.93,3,1,13,30.23,3,8,18.6,99,22,51.16,0,0,0,0,0,0,0,0,0,0,0,0,0,0,0,0,0,0,0,0,0,0,0,0,0,0,0,0,0,0,0,0,0,0,0,0,0,0,0,0,0,0,0,0,0,0,0,0,0,0,0,0,0,0,0,0,0,0,0,0,0,0,0,0,0,0
5,00,30,57.45,34,89.47,4,10.53,0,0,0,0,5,13.16,5,13.16,21,55.26,7,18.42,3,1,7,18.42,3,12,31.58,99,19,50,0,0,0,0,0,0,0,0,0,0,0,0,0,0,0,0,0,0,0,0,0,0,0,0,0,0,0,0,0,0,0,0,0,0,0,0,0,0,0,0,0,0,0,0,0,0,0,0,0,0,0,0,0,0,0,0,0,0,0,0,0,0,0,0,0,0
5,00,31,53.53,13,86.67,2,13.33,0,0,1,6.67,2,13.33,0,0,5,33.33,7,46.67,3,1,4,26.67,3,3,20,99,8,53.33,0,0,0,0,0,0,0,0,0,0,0,0,0,0,0,0,0,0,0,0,0,0,0,0,0,0,0,0,0,0,0,0,0,0,0,0,0,0,0,0,0,0,0,0,0,0,0,0,0,0,0,0,0,0,0,0,0,0,0,0,0,0,0,0,0,0
5,00,32,54.89,34,75.56,11,24.44,0,0,1,2.22,6,13.33,5,11.11,20,44.44,13,28.89,3,1,17,37.78,3,6,13.33,99,22,48.89,0,0,0,0,0,0,0,0,0,0,0,0,0,0,0,0,0,0,0,0,0,0,0,0,0,0,0,0,0,0,0,0,0,0,0,0,0,0,0,0,0,0,0,0,0,0,0,0,0,0,0,0,0,0,0,0,0,0,0,0,0,0,0,0,0,0
5,00,33,56.26,34,87.18,5,12.82,0,0,0,0,4,10.26,5,12.82,14,35.9,16,41.03,3,1,6,15.38,3,10,25.64,99,23,58.97,0,0,0,0,0,0,0,0,0,0,0,0,0,0,0,0,0,0,0,0,0,0,0,0,0,0,0,0,0,0,0,0,0,0,0,0,0,0,0,0,0,0,0,0,0,0,0,0,0,0,0,0,0,0,0,0,0,0,0,0,0,0,0,0,0,0
5,00,34,56.89,17,94.44,1,5.56,0,0,0,0,4,22.22,1,5.56,8,44.44,5,27.78,2,1,3,16.67,99,15,83.33,0,0,0,0,0,0,0,0,0,0,0,0,0,0,0,0,0,0,0,0,0,0,0,0,0,0,0,0,0,0,0,0,0,0,0,0,0,0,0,0,0,0,0,0,0,0,0,0,0,0,0,0,0,0,0,0,0,0,0,0,0,0,0,0,0,0,0,0,0
5,00,35,57.81,18,85.71,3,14.29,0,0,0,0,1,4.76,2,9.52,10,47.62,8,38.1,1,99,21,100,0,0,0,0,0,0,0,0,0,0,0,0,0,0,0,0,0,0,0,0,0,0,0,0,0,0,0,0,0,0,0,0,0,0,0,0,0,0,0,0,0,0,0,0,0,0,0,0,0,0,0,0,0,0,0,0,0,0,0,0,0,0,0,0,0,0,0,0,0,0,0,0
5,00,36,58.06,17,100,0,0,0,0,0,0,0,0,2,11.76,4,23.53,11,64.71,2,3,1,5.88,99,16,94.12,0,0,0,0,0,0,0,0,0,0,0,0,0,0,0,0,0,0,0,0,0,0,0,0,0,0,0,0,0,0,0,0,0,0,0,0,0,0,0,0,0,0,0,0,0,0,0,0,0,0,0,0,0,0,0,0,0,0,0,0,0,0,0,0,0,0,0,0,0
5,00,37,55.88,7,87.5,1,12.5,0,0,1,12.5,0,0,1,12.5,0,0,6,75,1,99,8,100,0,0,0,0,0,0,0,0,0,0,0,0,0,0,0,0,0,0,0,0,0,0,0,0,0,0,0,0,0,0,0,0,0,0,0,0,0,0,0,0,0,0,0,0,0,0,0,0,0,0,0,0,0,0,0,0,0,0,0,0,0,0,0,0,0,0,0,0,0,0,0,0
6,00,00,56.79,740,83.15,150,16.85,0,0,18,2.02,64,7.19,93,10.45,345,38.76,370,41.57,3,1,148,16.63,3,147,16.52,99,595,66.85,0,0,0,0,0,0,0,0,0,0,0,0,0,0,0,0,0,0,0,0,0,0,0,0,0,0,0,0,0,0,0,0,0,0,0,0,0,0,0,0,0,0,0,0,0,0,0,0,0,0,0,0,0,0,0,0,0,0,0,0,0,0,0,0,0,0
6,00,01,49.38,5,62.5,3,37.5,0,0,0,0,0,0,1,12.5,1,12.5,6,75,1,99,8,100,0,0,0,0,0,0,0,0,0,0,0,0,0,0,0,0,0,0,0,0,0,0,0,0,0,0,0,0,0,0,0,0,0,0,0,0,0,0,0,0,0,0,0,0,0,0,0,0,0,0,0,0,0,0,0,0,0,0,0,0,0,0,0,0,0,0,0,0,0,0,0,0
6,00,02,46,3,100,0,0,0,0,0,0,1,33.33,1,33.33,0,0,1,33.33,2,1,1,33.33,99,2,66.67,0,0,0,0,0,0,0,0,0,0,0,0,0,0,0,0,0,0,0,0,0,0,0,0,0,0,0,0,0,0,0,0,0,0,0,0,0,0,0,0,0,0,0,0,0,0,0,0,0,0,0,0,0,0,0,0,0,0,0,0,0,0,0,0,0,0,0,0,0
6,00,03,62.43,5,71.43,2,28.57,0,0,0,0,0,0,1,14.29,2,28.57,4,57.14,2,1,3,42.86,99,4,57.14,0,0,0,0,0,0,0,0,0,0,0,0,0,0,0,0,0,0,0,0,0,0,0,0,0,0,0,0,0,0,0,0,0,0,0,0,0,0,0,0,0,0,0,0,0,0,0,0,0,0,0,0,0,0,0,0,0,0,0,0,0,0,0,0,0,0,0,0,0
6,00,04,49.08,11,91.67,1,8.33,0,0,0,0,0,0,1,8.33,8,66.67,3,25,1,99,12,100,0,0,0,0,0,0,0,0,0,0,0,0,0,0,0,0,0,0,0,0,0,0,0,0,0,0,0,0,0,0,0,0,0,0,0,0,0,0,0,0,0,0,0,0,0,0,0,0,0,0,0,0,0,0,0,0,0,0,0,0,0,0,0,0,0,0,0,0,0,0,0,0
6,00,05,59.25,7,87.5,1,12.5,0,0,0,0,0,0,0,0,1,12.5,7,87.5,1,99,8,100,0,0,0,0,0,0,0,0,0,0,0,0,0,0,0,0,0,0,0,0,0,0,0,0,0,0,0,0,0,0,0,0,0,0,0,0,0,0,0,0,0,0,0,0,0,0,0,0,0,0,0,0,0,0,0,0,0,0,0,0,0,0,0,0,0,0,0,0,0,0,0,0
6,00,06,52.89,17,94.44,1,5.56,0,0,0,0,1,5.56,0,0,7,38.89,10,55.56,1,99,18,100,0,0,0,0,0,0,0,0,0,0,0,0,0,0,0,0,0,0,0,0,0,0,0,0,0,0,0,0,0,0,0,0,0,0,0,0,0,0,0,0,0,0,0,0,0,0,0,0,0,0,0,0,0,0,0,0,0,0,0,0,0,0,0,0,0,0,0,0,0,0,0,0
6,00,07,55.29,19,90.48,2,9.52,0,0,0,0,1,4.76,4,19.05,7,33.33,9,42.86,3,1,3,14.29,3,4,19.05,99,14,66.67,0,0,0,0,0,0,0,0,0,0,0,0,0,0,0,0,0,0,0,0,0,0,0,0,0,0,0,0,0,0,0,0,0,0,0,0,0,0,0,0,0,0,0,0,0,0,0,0,0,0,0,0,0,0,0,0,0,0,0,0,0,0,0,0,0,0
6,00,08,60.47,19,100,0,0,0,0,0,0,0,0,1,5.26,11,57.89,7,36.84,1,99,19,100,0,0,0,0,0,0,0,0,0,0,0,0,0,0,0,0,0,0,0,0,0,0,0,0,0,0,0,0,0,0,0,0,0,0,0,0,0,0,0,0,0,0,0,0,0,0,0,0,0,0,0,0,0,0,0,0,0,0,0,0,0,0,0,0,0,0,0,0,0,0,0,0
6,00,09,53,3,100,0,0,0,0,0,0,0,0,1,33.33,1,33.33,1,33.33,2,1,2,66.67,99,1,33.33,0,0,0,0,0,0,0,0,0,0,0,0,0,0,0,0,0,0,0,0,0,0,0,0,0,0,0,0,0,0,0,0,0,0,0,0,0,0,0,0,0,0,0,0,0,0,0,0,0,0,0,0,0,0,0,0,0,0,0,0,0,0,0,0,0,0,0,0,0
6,00,10,61.67,11,73.33,4,26.67,0,0,0,0,1,6.67,0,0,2,13.33,12,80,1,99,15,100,0,0,0,0,0,0,0,0,0,0,0,0,0,0,0,0,0,0,0,0,0,0,0,0,0,0,0,0,0,0,0,0,0,0,0,0,0,0,0,0,0,0,0,0,0,0,0,0,0,0,0,0,0,0,0,0,0,0,0,0,0,0,0,0,0,0,0,0,0,0,0,0
6,00,11,61.71,11,78.57,3,21.43,0,0,0,0,0,0,0,0,2,14.29,12,85.71,3,1,1,7.14,3,2,14.29,99,11,78.57,0,0,0,0,0,0,0,0,0,0,0,0,0,0,0,0,0,0,0,0,0,0,0,0,0,0,0,0,0,0,0,0,0,0,0,0,0,0,0,0,0,0,0,0,0,0,0,0,0,0,0,0,0,0,0,0,0,0,0,0,0,0,0,0,0,0
6,00,12,56.8,16,80,4,20,0,0,0,0,1,5,0,0,1,5,18,90,2,3,3,15,99,17,85,0,0,0,0,0,0,0,0,0,0,0,0,0,0,0,0,0,0,0,0,0,0,0,0,0,0,0,0,0,0,0,0,0,0,0,0,0,0,0,0,0,0,0,0,0,0,0,0,0,0,0,0,0,0,0,0,0,0,0,0,0,0,0,0,0,0,0,0,0
6,00,13,63.08,11,91.67,1,8.33,0,0,0,0,0,0,0,0,3,25,9,75,2,1,1,8.33,99,11,91.67,0,0,0,0,0,0,0,0,0,0,0,0,0,0,0,0,0,0,0,0,0,0,0,0,0,0,0,0,0,0,0,0,0,0,0,0,0,0,0,0,0,0,0,0,0,0,0,0,0,0,0,0,0,0,0,0,0,0,0,0,0,0,0,0,0,0,0,0,0
6,00,14,61.89,9,100,0,0,0,0,0,0,0,0,0,0,2,22.22,7,77.78,1,99,9,100,0,0,0,0,0,0,0,0,0,0,0,0,0,0,0,0,0,0,0,0,0,0,0,0,0,0,0,0,0,0,0,0,0,0,0,0,0,0,0,0,0,0,0,0,0,0,0,0,0,0,0,0,0,0,0,0,0,0,0,0,0,0,0,0,0,0,0,0,0,0,0,0
6,00,15,58,6,100,0,0,0,0,0,0,0,0,0,0,2,33.33,4,66.67,1,99,6,100,0,0,0,0,0,0,0,0,0,0,0,0,0,0,0,0,0,0,0,0,0,0,0,0,0,0,0,0,0,0,0,0,0,0,0,0,0,0,0,0,0,0,0,0,0,0,0,0,0,0,0,0,0,0,0,0,0,0,0,0,0,0,0,0,0,0,0,0,0,0,0,0
6,00,16,54.79,29,87.88,4,12.12,0,0,2,6.06,1,3.03,4,12.12,19,57.58,7,21.21,2,1,5,15.15,99,28,84.85,0,0,0,0,0,0,0,0,0,0,0,0,0,0,0,0,0,0,0,0,0,0,0,0,0,0,0,0,0,0,0,0,0,0,0,0,0,0,0,0,0,0,0,0,0,0,0,0,0,0,0,0,0,0,0,0,0,0,0,0,0,0,0,0,0,0,0,0,0
6,00,17,54.18,10,90.91,1,9.09,0,0,0,0,0,0,2,18.18,4,36.36,5,45.45,2,3,1,9.09,99,10,90.91,0,0,0,0,0,0,0,0,0,0,0,0,0,0,0,0,0,0,0,0,0,0,0,0,0,0,0,0,0,0,0,0,0,0,0,0,0,0,0,0,0,0,0,0,0,0,0,0,0,0,0,0,0,0,0,0,0,0,0,0,0,0,0,0,0,0,0,0,0
6,00,18,60.67,12,100,0,0,0,0,0,0,0,0,0,0,3,25,9,75,1,99,12,100,0,0,0,0,0,0,0,0,0,0,0,0,0,0,0,0,0,0,0,0,0,0,0,0,0,0,0,0,0,0,0,0,0,0,0,0,0,0,0,0,0,0,0,0,0,0,0,0,0,0,0,0,0,0,0,0,0,0,0,0,0,0,0,0,0,0,0,0,0,0,0,0
6,00,19,64.33,15,100,0,0,0,0,0,0,2,13.33,0,0,3,20,10,66.67,3,1,2,13.33,3,1,6.67,99,12,80,0,0,0,0,0,0,0,0,0,0,0,0,0,0,0,0,0,0,0,0,0,0,0,0,0,0,0,0,0,0,0,0,0,0,0,0,0,0,0,0,0,0,0,0,0,0,0,0,0,0,0,0,0,0,0,0,0,0,0,0,0,0,0,0,0,0
6,00,20,59,15,88.24,2,11.76,0,0,0,0,2,11.76,1,5.88,6,35.29,8,47.06,2,3,5,29.41,99,12,70.59,0,0,0,0,0,0,0,0,0,0,0,0,0,0,0,0,0,0,0,0,0,0,0,0,0,0,0,0,0,0,0,0,0,0,0,0,0,0,0,0,0,0,0,0,0,0,0,0,0,0,0,0,0,0,0,0,0,0,0,0,0,0,0,0,0,0,0,0,0
6,00,21,54.16,24,64.86,13,35.14,0,0,3,8.11,2,5.41,7,18.92,19,51.35,6,16.22,3,1,11,29.73,3,2,5.41,99,24,64.86,0,0,0,0,0,0,0,0,0,0,0,0,0,0,0,0,0,0,0,0,0,0,0,0,0,0,0,0,0,0,0,0,0,0,0,0,0,0,0,0,0,0,0,0,0,0,0,0,0,0,0,0,0,0,0,0,0,0,0,0,0,0,0,0,0,0
6,00,22,55.92,28,71.79,11,28.21,0,0,1,2.56,7,17.95,5,12.82,20,51.28,6,15.38,3,1,16,41.03,3,2,5.13,99,21,53.85,0,0,0,0,0,0,0,0,0,0,0,0,0,0,0,0,0,0,0,0,0,0,0,0,0,0,0,0,0,0,0,0,0,0,0,0,0,0,0,0,0,0,0,0,0,0,0,0,0,0,0,0,0,0,0,0,0,0,0,0,0,0,0,0,0,0
6,00,23,58.33,8,88.89,1,11.11,0,0,0,0,0,0,0,0,5,55.56,4,44.44,2,3,7,77.78,99,2,22.22,0,0,0,0,0,0,0,0,0,0,0,0,0,0,0,0,0,0,0,0,0,0,0,0,0,0,0,0,0,0,0,0,0,0,0,0,0,0,0,0,0,0,0,0,0,0,0,0,0,0,0,0,0,0,0,0,0,0,0,0,0,0,0,0,0,0,0,0,0
6,00,24,53.13,14,87.5,2,12.5,0,0,0,0,1,6.25,1,6.25,13,81.25,1,6.25,2,3,5,31.25,99,11,68.75,0,0,0,0,0,0,0,0,0,0,0,0,0,0,0,0,0,0,0,0,0,0,0,0,0,0,0,0,0,0,0,0,0,0,0,0,0,0,0,0,0,0,0,0,0,0,0,0,0,0,0,0,0,0,0,0,0,0,0,0,0,0,0,0,0,0,0,0,0
6,00,25,55.14,7,100,0,0,0,0,0,0,0,0,0,0,2,28.57,5,71.43,2,3,3,42.86,99,4,57.14,0,0,0,0,0,0,0,0,0,0,0,0,0,0,0,0,0,0,0,0,0,0,0,0,0,0,0,0,0,0,0,0,0,0,0,0,0,0,0,0,0,0,0,0,0,0,0,0,0,0,0,0,0,0,0,0,0,0,0,0,0,0,0,0,0,0,0,0,0
6,00,26,57.89,18,100,0,0,0,0,0,0,2,11.11,1,5.56,8,44.44,7,38.89,3,1,4,22.22,3,2,11.11,99,12,66.67,0,0,0,0,0,0,0,0,0,0,0,0,0,0,0,0,0,0,0,0,0,0,0,0,0,0,0,0,0,0,0,0,0,0,0,0,0,0,0,0,0,0,0,0,0,0,0,0,0,0,0,0,0,0,0,0,0,0,0,0,0,0,0,0,0,0
6,00,27,59.63,32,84.21,6,15.79,0,0,1,2.63,3,7.89,3,7.89,1,2.63,30,78.95,3,1,15,39.47,3,6,15.79,99,17,44.74,0,0,0,0,0,0,0,0,0,0,0,0,0,0,0,0,0,0,0,0,0,0,0,0,0,0,0,0,0,0,0,0,0,0,0,0,0,0,0,0,0,0,0,0,0,0,0,0,0,0,0,0,0,0,0,0,0,0,0,0,0,0,0,0,0,0
6,00,28,56,19,90.48,2,9.52,0,0,1,4.76,2,9.52,3,14.29,9,42.86,6,28.57,3,1,3,14.29,3,4,19.05,99,14,66.67,0,0,0,0,0,0,0,0,0,0,0,0,0,0,0,0,0,0,0,0,0,0,0,0,0,0,0,0,0,0,0,0,0,0,0,0,0,0,0,0,0,0,0,0,0,0,0,0,0,0,0,0,0,0,0,0,0,0,0,0,0,0,0,0,0,0
6,00,29,54.38,12,92.31,1,7.69,0,0,0,0,0,0,1,7.69,1,7.69,11,84.62,3,1,1,7.69,3,1,7.69,99,11,84.62,0,0,0,0,0,0,0,0,0,0,0,0,0,0,0,0,0,0,0,0,0,0,0,0,0,0,0,0,0,0,0,0,0,0,0,0,0,0,0,0,0,0,0,0,0,0,0,0,0,0,0,0,0,0,0,0,0,0,0,0,0,0,0,0,0,0
6,00,30,58.4,70,81.4,16,18.6,0,0,6,6.98,2,2.33,14,16.28,36,41.86,28,32.56,3,1,10,11.63,3,31,36.05,99,45,52.33,0,0,0,0,0,0,0,0,0,0,0,0,0,0,0,0,0,0,0,0,0,0,0,0,0,0,0,0,0,0,0,0,0,0,0,0,0,0,0,0,0,0,0,0,0,0,0,0,0,0,0,0,0,0,0,0,0,0,0,0,0,0,0,0,0,0
6,00,31,57,14,70,6,30,0,0,0,0,3,15,3,15,2,10,12,60,3,1,4,20,3,1,5,99,15,75,0,0,0,0,0,0,0,0,0,0,0,0,0,0,0,0,0,0,0,0,0,0,0,0,0,0,0,0,0,0,0,0,0,0,0,0,0,0,0,0,0,0,0,0,0,0,0,0,0,0,0,0,0,0,0,0,0,0,0,0,0,0,0,0,0,0
6,00,32,58.63,26,81.25,6,18.75,0,0,0,0,6,18.75,3,9.38,15,46.88,8,25,3,1,3,9.38,3,9,28.13,99,20,62.5,0,0,0,0,0,0,0,0,0,0,0,0,0,0,0,0,0,0,0,0,0,0,0,0,0,0,0,0,0,0,0,0,0,0,0,0,0,0,0,0,0,0,0,0,0,0,0,0,0,0,0,0,0,0,0,0,0,0,0,0,0,0,0,0,0,0
6,00,33,57.07,60,86.96,9,13.04,0,0,1,1.45,12,17.39,10,14.49,34,49.28,12,17.39,3,1,24,34.78,3,16,23.19,99,29,42.03,0,0,0,0,0,0,0,0,0,0,0,0,0,0,0,0,0,0,0,0,0,0,0,0,0,0,0,0,0,0,0,0,0,0,0,0,0,0,0,0,0,0,0,0,0,0,0,0,0,0,0,0,0,0,0,0,0,0,0,0,0,0,0,0,0,0
6,00,34,54.47,56,73.68,20,26.32,0,0,2,2.63,7,9.21,10,13.16,30,39.47,27,35.53,3,1,14,18.42,3,11,14.47,99,51,67.11,0,0,0,0,0,0,0,0,0,0,0,0,0,0,0,0,0,0,0,0,0,0,0,0,0,0,0,0,0,0,0,0,0,0,0,0,0,0,0,0,0,0,0,0,0,0,0,0,0,0,0,0,0,0,0,0,0,0,0,0,0,0,0,0,0,0
6,00,35,56.24,47,79.66,12,20.34,0,0,0,0,3,5.08,9,15.25,24,40.68,23,38.98,3,1,8,13.56,3,17,28.81,99,34,57.63,0,0,0,0,0,0,0,0,0,0,0,0,0,0,0,0,0,0,0,0,0,0,0,0,0,0,0,0,0,0,0,0,0,0,0,0,0,0,0,0,0,0,0,0,0,0,0,0,0,0,0,0,0,0,0,0,0,0,0,0,0,0,0,0,0,0
6,00,36,54.32,29,76.32,9,23.68,0,0,1,2.63,3,7.89,4,10.53,17,44.74,13,34.21,3,1,4,10.53,3,8,21.05,99,26,68.42,0,0,0,0,0,0,0,0,0,0,0,0,0,0,0,0,0,0,0,0,0,0,0,0,0,0,0,0,0,0,0,0,0,0,0,0,0,0,0,0,0,0,0,0,0,0,0,0,0,0,0,0,0,0,0,0,0,0,0,0,0,0,0,0,0,0
6,00,37,55.36,19,76,6,24,0,0,0,0,0,0,2,8,13,52,10,40,3,1,9,36,3,5,20,99,11,44,0,0,0,0,0,0,0,0,0,0,0,0,0,0,0,0,0,0,0,0,0,0,0,0,0,0,0,0,0,0,0,0,0,0,0,0,0,0,0,0,0,0,0,0,0,0,0,0,0,0,0,0,0,0,0,0,0,0,0,0,0,0,0,0,0,0
6,00,38,57.54,23,95.83,1,4.17,0,0,0,0,1,4.17,0,0,11,45.83,12,50,3,1,4,16.67,3,1,4.17,99,19,79.17,0,0,0,0,0,0,0,0,0,0,0,0,0,0,0,0,0,0,0,0,0,0,0,0,0,0,0,0,0,0,0,0,0,0,0,0,0,0,0,0,0,0,0,0,0,0,0,0,0,0,0,0,0,0,0,0,0,0,0,0,0,0,0,0,0,0
7,01,00,57.55,175,92.11,15,7.89,0,0,3,1.58,16,8.42,24,12.63,69,36.32,78,41.05,2,1,91,47.89,99,99,52.11,0,0,0,0,0,0,0,0,0,0,0,0,0,0,0,0,0,0,0,0,0,0,0,0,0,0,0,0,0,0,0,0,0,0,0,0,0,0,0,0,0,0,0,0,0,0,0,0,0,0,0,0,0,0,0,0,0,0,0,0,0,0,0,0,0,0,0,0,0
7,01,01,57,28,93.33,2,6.67,0,0,0,0,3,10,3,10,12,40,12,40,2,1,12,40,99,18,60,0,0,0,0,0,0,0,0,0,0,0,0,0,0,0,0,0,0,0,0,0,0,0,0,0,0,0,0,0,0,0,0,0,0,0,0,0,0,0,0,0,0,0,0,0,0,0,0,0,0,0,0,0,0,0,0,0,0,0,0,0,0,0,0,0,0,0,0,0
7,01,02,54.24,23,92,2,8,0,0,2,8,2,8,3,12,9,36,9,36,2,1,15,60,99,10,40,0,0,0,0,0,0,0,0,0,0,0,0,0,0,0,0,0,0,0,0,0,0,0,0,0,0,0,0,0,0,0,0,0,0,0,0,0,0,0,0,0,0,0,0,0,0,0,0,0,0,0,0,0,0,0,0,0,0,0,0,0,0,0,0,0,0,0,0,0
7,01,03,57.78,16,88.89,2,11.11,0,0,0,0,1,5.56,3,16.67,7,38.89,7,38.89,2,1,4,22.22,99,14,77.78,0,0,0,0,0,0,0,0,0,0,0,0,0,0,0,0,0,0,0,0,0,0,0,0,0,0,0,0,0,0,0,0,0,0,0,0,0,0,0,0,0,0,0,0,0,0,0,0,0,0,0,0,0,0,0,0,0,0,0,0,0,0,0,0,0,0,0,0,0
7,01,04,60.43,20,95.24,1,4.76,0,0,0,0,1,4.76,2,9.52,11,52.38,7,33.33,2,1,5,23.81,99,16,76.19,0,0,0,0,0,0,0,0,0,0,0,0,0,0,0,0,0,0,0,0,0,0,0,0,0,0,0,0,0,0,0,0,0,0,0,0,0,0,0,0,0,0,0,0,0,0,0,0,0,0,0,0,0,0,0,0,0,0,0,0,0,0,0,0,0,0,0,0,0
7,01,05,59.5,16,80,4,20,0,0,0,0,2,10,2,10,7,35,9,45,2,1,17,85,99,3,15,0,0,0,0,0,0,0,0,0,0,0,0,0,0,0,0,0,0,0,0,0,0,0,0,0,0,0,0,0,0,0,0,0,0,0,0,0,0,0,0,0,0,0,0,0,0,0,0,0,0,0,0,0,0,0,0,0,0,0,0,0,0,0,0,0,0,0,0,0
7,01,06,55.47,16,94.12,1,5.88,0,0,1,5.88,2,11.76,1,5.88,7,41.18,6,35.29,2,1,3,17.65,99,14,82.35,0,0,0,0,0,0,0,0,0,0,0,0,0,0,0,0,0,0,0,0,0,0,0,0,0,0,0,0,0,0,0,0,0,0,0,0,0,0,0,0,0,0,0,0,0,0,0,0,0,0,0,0,0,0,0,0,0,0,0,0,0,0,0,0,0,0,0,0,0
7,01,07,56.67,12,100,0,0,0,0,0,0,1,8.33,5,41.67,3,25,3,25,2,1,9,75,99,3,25,0,0,0,0,0,0,0,0,0,0,0,0,0,0,0,0,0,0,0,0,0,0,0,0,0,0,0,0,0,0,0,0,0,0,0,0,0,0,0,0,0,0,0,0,0,0,0,0,0,0,0,0,0,0,0,0,0,0,0,0,0,0,0,0,0,0,0,0,0
7,01,08,56.73,11,100,0,0,0,0,0,0,1,9.09,1,9.09,6,54.55,3,27.27,2,1,10,90.91,99,1,9.09,0,0,0,0,0,0,0,0,0,0,0,0,0,0,0,0,0,0,0,0,0,0,0,0,0,0,0,0,0,0,0,0,0,0,0,0,0,0,0,0,0,0,0,0,0,0,0,0,0,0,0,0,0,0,0,0,0,0,0,0,0,0,0,0,0,0,0,0,0
7,01,09,58.11,9,100,0,0,0,0,0,0,1,11.11,1,11.11,2,22.22,5,55.56,2,1,5,55.56,99,4,44.44,0,0,0,0,0,0,0,0,0,0,0,0,0,0,0,0,0,0,0,0,0,0,0,0,0,0,0,0,0,0,0,0,0,0,0,0,0,0,0,0,0,0,0,0,0,0,0,0,0,0,0,0,0,0,0,0,0,0,0,0,0,0,0,0,0,0,0,0,0
7,01,10,57.1,9,90,1,10,0,0,0,0,1,10,1,10,2,20,6,60,2,1,5,50,99,5,50,0,0,0,0,0,0,0,0,0,0,0,0,0,0,0,0,0,0,0,0,0,0,0,0,0,0,0,0,0,0,0,0,0,0,0,0,0,0,0,0,0,0,0,0,0,0,0,0,0,0,0,0,0,0,0,0,0,0,0,0,0,0,0,0,0,0,0,0,0
7,01,11,62.67,6,100,0,0,0,0,0,0,0,0,1,16.67,1,16.67,4,66.67,2,1,1,16.67,99,5,83.33,0,0,0,0,0,0,0,0,0,0,0,0,0,0,0,0,0,0,0,0,0,0,0,0,0,0,0,0,0,0,0,0,0,0,0,0,0,0,0,0,0,0,0,0,0,0,0,0,0,0,0,0,0,0,0,0,0,0,0,0,0,0,0,0,0,0,0,0,0
7,01,12,56.71,6,85.71,1,14.29,0,0,0,0,1,14.29,1,14.29,2,28.57,3,42.86,2,1,4,57.14,99,3,42.86,0,0,0,0,0,0,0,0,0,0,0,0,0,0,0,0,0,0,0,0,0,0,0,0,0,0,0,0,0,0,0,0,0,0,0,0,0,0,0,0,0,0,0,0,0,0,0,0,0,0,0,0,0,0,0,0,0,0,0,0,0,0,0,0,0,0,0,0,0
7,01,13,63.75,3,75,1,25,0,0,0,0,0,0,0,0,0,0,4,100,2,1,1,25,99,3,75,0,0,0,0,0,0,0,0,0,0,0,0,0,0,0,0,0,0,0,0,0,0,0,0,0,0,0,0,0,0,0,0,0,0,0,0,0,0,0,0,0,0,0,0,0,0,0,0,0,0,0,0,0,0,0,0,0,0,0,0,0,0,0,0,0,0,0,0,0
7,02,00,59.73,256,93.43,18,6.57,0,0,0,0,16,5.84,29,10.58,85,31.02,144,52.55,2,1,62,22.63,99,212,77.37,0,0,0,0,0,0,0,0,0,0,0,0,0,0,0,0,0,0,0,0,0,0,0,0,0,0,0,0,0,0,0,0,0,0,0,0,0,0,0,0,0,0,0,0,0,0,0,0,0,0,0,0,0,0,0,0,0,0,0,0,0,0,0,0,0,0,0,0,0
7,02,01,60.04,25,89.29,3,10.71,0,0,0,0,3,10.71,6,21.43,3,10.71,16,57.14,2,1,16,57.14,99,12,42.86,0,0,0,0,0,0,0,0,0,0,0,0,0,0,0,0,0,0,0,0,0,0,0,0,0,0,0,0,0,0,0,0,0,0,0,0,0,0,0,0,0,0,0,0,0,0,0,0,0,0,0,0,0,0,0,0,0,0,0,0,0,0,0,0,0,0,0,0,0
7,02,02,61.26,19,100,0,0,0,0,0,0,2,10.53,2,10.53,12,63.16,3,15.79,2,1,4,21.05,99,15,78.95,0,0,0,0,0,0,0,0,0,0,0,0,0,0,0,0,0,0,0,0,0,0,0,0,0,0,0,0,0,0,0,0,0,0,0,0,0,0,0,0,0,0,0,0,0,0,0,0,0,0,0,0,0,0,0,0,0,0,0,0,0,0,0,0,0,0,0,0,0
7,02,03,58.25,7,87.5,1,12.5,0,0,0,0,0,0,1,12.5,4,50,3,37.5,2,1,2,25,99,6,75,0,0,0,0,0,0,0,0,0,0,0,0,0,0,0,0,0,0,0,0,0,0,0,0,0,0,0,0,0,0,0,0,0,0,0,0,0,0,0,0,0,0,0,0,0,0,0,0,0,0,0,0,0,0,0,0,0,0,0,0,0,0,0,0,0,0,0,0,0
7,02,04,58.5,10,100,0,0,0,0,0,0,0,0,2,20,3,30,5,50,2,1,7,70,99,3,30,0,0,0,0,0,0,0,0,0,0,0,0,0,0,0,0,0,0,0,0,0,0,0,0,0,0,0,0,0,0,0,0,0,0,0,0,0,0,0,0,0,0,0,0,0,0,0,0,0,0,0,0,0,0,0,0,0,0,0,0,0,0,0,0,0,0,0,0,0
7,02,05,54.14,6,85.71,1,14.29,0,0,0,0,0,0,1,14.29,3,42.86,3,42.86,2,1,2,28.57,99,5,71.43,0,0,0,0,0,0,0,0,0,0,0,0,0,0,0,0,0,0,0,0,0,0,0,0,0,0,0,0,0,0,0,0,0,0,0,0,0,0,0,0,0,0,0,0,0,0,0,0,0,0,0,0,0,0,0,0,0,0,0,0,0,0,0,0,0,0,0,0,0
7,02,06,58.78,9,100,0,0,0,0,0,0,1,11.11,2,22.22,4,44.44,2,22.22,2,1,2,22.22,99,7,77.78,0,0,0,0,0,0,0,0,0,0,0,0,0,0,0,0,0,0,0,0,0,0,0,0,0,0,0,0,0,0,0,0,0,0,0,0,0,0,0,0,0,0,0,0,0,0,0,0,0,0,0,0,0,0,0,0,0,0,0,0,0,0,0,0,0,0,0,0,0
7,02,07,61.83,24,100,0,0,0,0,0,0,0,0,2,8.33,8,33.33,14,58.33,2,1,1,4.17,99,23,95.83,0,0,0,0,0,0,0,0,0,0,0,0,0,0,0,0,0,0,0,0,0,0,0,0,0,0,0,0,0,0,0,0,0,0,0,0,0,0,0,0,0,0,0,0,0,0,0,0,0,0,0,0,0,0,0,0,0,0,0,0,0,0,0,0,0,0,0,0,0
7,02,08,62.28,24,96,1,4,0,0,0,0,1,4,4,16,0,0,20,80,1,99,25,100,0,0,0,0,0,0,0,0,0,0,0,0,0,0,0,0,0,0,0,0,0,0,0,0,0,0,0,0,0,0,0,0,0,0,0,0,0,0,0,0,0,0,0,0,0,0,0,0,0,0,0,0,0,0,0,0,0,0,0,0,0,0,0,0,0,0,0,0,0,0,0,0
7,02,09,59.09,21,91.3,2,8.7,0,0,0,0,1,4.35,0,0,10,43.48,12,52.17,2,1,2,8.7,99,21,91.3,0,0,0,0,0,0,0,0,0,0,0,0,0,0,0,0,0,0,0,0,0,0,0,0,0,0,0,0,0,0,0,0,0,0,0,0,0,0,0,0,0,0,0,0,0,0,0,0,0,0,0,0,0,0,0,0,0,0,0,0,0,0,0,0,0,0,0,0,0
7,02,10,62.44,8,88.89,1,11.11,0,0,0,0,0,0,1,11.11,1,11.11,7,77.78,1,99,9,100,0,0,0,0,0,0,0,0,0,0,0,0,0,0,0,0,0,0,0,0,0,0,0,0,0,0,0,0,0,0,0,0,0,0,0,0,0,0,0,0,0,0,0,0,0,0,0,0,0,0,0,0,0,0,0,0,0,0,0,0,0,0,0,0,0,0,0,0,0,0,0,0
7,02,11,57.88,22,88,3,12,0,0,0,0,3,12,1,4,7,28,14,56,2,1,4,16,99,21,84,0,0,0,0,0,0,0,0,0,0,0,0,0,0,0,0,0,0,0,0,0,0,0,0,0,0,0,0,0,0,0,0,0,0,0,0,0,0,0,0,0,0,0,0,0,0,0,0,0,0,0,0,0,0,0,0,0,0,0,0,0,0,0,0,0,0,0,0,0
7,02,12,61.03,30,93.75,2,6.25,0,0,0,0,2,6.25,4,12.5,12,37.5,14,43.75,2,1,11,34.38,99,21,65.63,0,0,0,0,0,0,0,0,0,0,0,0,0,0,0,0,0,0,0,0,0,0,0,0,0,0,0,0,0,0,0,0,0,0,0,0,0,0,0,0,0,0,0,0,0,0,0,0,0,0,0,0,0,0,0,0,0,0,0,0,0,0,0,0,0,0,0,0,0
7,02,13,56.25,7,87.5,1,12.5,0,0,0,0,0,0,0,0,1,12.5,7,87.5,2,1,5,62.5,99,3,37.5,0,0,0,0,0,0,0,0,0,0,0,0,0,0,0,0,0,0,0,0,0,0,0,0,0,0,0,0,0,0,0,0,0,0,0,0,0,0,0,0,0,0,0,0,0,0,0,0,0,0,0,0,0,0,0,0,0,0,0,0,0,0,0,0,0,0,0,0,0
7,02,14,55.44,8,88.89,1,11.11,0,0,0,0,1,11.11,1,11.11,2,22.22,5,55.56,2,1,2,22.22,99,7,77.78,0,0,0,0,0,0,0,0,0,0,0,0,0,0,0,0,0,0,0,0,0,0,0,0,0,0,0,0,0,0,0,0,0,0,0,0,0,0,0,0,0,0,0,0,0,0,0,0,0,0,0,0,0,0,0,0,0,0,0,0,0,0,0,0,0,0,0,0,0
7,02,15,58.92,11,91.67,1,8.33,0,0,0,0,1,8.33,1,8.33,6,50,4,33.33,1,99,12,100,0,0,0,0,0,0,0,0,0,0,0,0,0,0,0,0,0,0,0,0,0,0,0,0,0,0,0,0,0,0,0,0,0,0,0,0,0,0,0,0,0,0,0,0,0,0,0,0,0,0,0,0,0,0,0,0,0,0,0,0,0,0,0,0,0,0,0,0,0,0,0,0
7,02,16,59.14,6,85.71,1,14.29,0,0,0,0,0,0,0,0,3,42.86,4,57.14,2,1,3,42.86,99,4,57.14,0,0,0,0,0,0,0,0,0,0,0,0,0,0,0,0,0,0,0,0,0,0,0,0,0,0,0,0,0,0,0,0,0,0,0,0,0,0,0,0,0,0,0,0,0,0,0,0,0,0,0,0,0,0,0,0,0,0,0,0,0,0,0,0,0,0,0,0,0
7,02,17,62,11,100,0,0,0,0,0,0,0,0,0,0,4,36.36,7,63.64,1,99,11,100,0,0,0,0,0,0,0,0,0,0,0,0,0,0,0,0,0,0,0,0,0,0,0,0,0,0,0,0,0,0,0,0,0,0,0,0,0,0,0,0,0,0,0,0,0,0,0,0,0,0,0,0,0,0,0,0,0,0,0,0,0,0,0,0,0,0,0,0,0,0,0,0
7,02,18,56.13,8,100,0,0,0,0,0,0,1,12.5,1,12.5,2,25,4,50,2,1,1,12.5,99,7,87.5,0,0,0,0,0,0,0,0,0,0,0,0,0,0,0,0,0,0,0,0,0,0,0,0,0,0,0,0,0,0,0,0,0,0,0,0,0,0,0,0,0,0,0,0,0,0,0,0,0,0,0,0,0,0,0,0,0,0,0,0,0,0,0,0,0,0,0,0,0
7,03,00,57.97,529,90.27,57,9.73,0,0,4,0.68,11,1.88,28,4.78,180,30.72,363,61.95,3,1,60,10.24,3,7,1.19,99,519,88.57,0,0,0,0,0,0,0,0,0,0,0,0,0,0,0,0,0,0,0,0,0,0,0,0,0,0,0,0,0,0,0,0,0,0,0,0,0,0,0,0,0,0,0,0,0,0,0,0,0,0,0,0,0,0,0,0,0,0,0,0,0,0,0,0,0,0
7,03,01,56.86,66,90.41,7,9.59,0,0,1,1.37,2,2.74,5,6.85,36,49.32,29,39.73,3,1,10,13.7,3,3,4.11,99,60,82.19,0,0,0,0,0,0,0,0,0,0,0,0,0,0,0,0,0,0,0,0,0,0,0,0,0,0,0,0,0,0,0,0,0,0,0,0,0,0,0,0,0,0,0,0,0,0,0,0,0,0,0,0,0,0,0,0,0,0,0,0,0,0,0,0,0,0
7,03,02,60.28,17,94.44,1,5.56,0,0,0,0,0,0,0,0,1,5.56,17,94.44,2,1,1,5.56,99,17,94.44,0,0,0,0,0,0,0,0,0,0,0,0,0,0,0,0,0,0,0,0,0,0,0,0,0,0,0,0,0,0,0,0,0,0,0,0,0,0,0,0,0,0,0,0,0,0,0,0,0,0,0,0,0,0,0,0,0,0,0,0,0,0,0,0,0,0,0,0,0
7,03,03,60.93,12,80,3,20,0,0,0,0,1,6.67,1,6.67,4,26.67,9,60,1,99,15,100,0,0,0,0,0,0,0,0,0,0,0,0,0,0,0,0,0,0,0,0,0,0,0,0,0,0,0,0,0,0,0,0,0,0,0,0,0,0,0,0,0,0,0,0,0,0,0,0,0,0,0,0,0,0,0,0,0,0,0,0,0,0,0,0,0,0,0,0,0,0,0,0
7,03,04,56.59,25,86.21,4,13.79,0,0,0,0,3,10.34,2,6.9,7,24.14,17,58.62,3,1,3,10.34,3,2,6.9,99,24,82.76,0,0,0,0,0,0,0,0,0,0,0,0,0,0,0,0,0,0,0,0,0,0,0,0,0,0,0,0,0,0,0,0,0,0,0,0,0,0,0,0,0,0,0,0,0,0,0,0,0,0,0,0,0,0,0,0,0,0,0,0,0,0,0,0,0,0
7,03,05,60.55,20,90.91,2,9.09,0,0,0,0,1,4.55,1,4.55,8,36.36,12,54.55,2,1,2,9.09,99,20,90.91,0,0,0,0,0,0,0,0,0,0,0,0,0,0,0,0,0,0,0,0,0,0,0,0,0,0,0,0,0,0,0,0,0,0,0,0,0,0,0,0,0,0,0,0,0,0,0,0,0,0,0,0,0,0,0,0,0,0,0,0,0,0,0,0,0,0,0,0,0
7,03,06,59.64,13,92.86,1,7.14,0,0,0,0,0,0,1,7.14,0,0,13,92.86,3,1,1,7.14,3,1,7.14,99,12,85.71,0,0,0,0,0,0,0,0,0,0,0,0,0,0,0,0,0,0,0,0,0,0,0,0,0,0,0,0,0,0,0,0,0,0,0,0,0,0,0,0,0,0,0,0,0,0,0,0,0,0,0,0,0,0,0,0,0,0,0,0,0,0,0,0,0,0
7,03,07,55.81,27,84.38,5,15.63,0,0,1,3.13,1,3.13,2,6.25,8,25,20,62.5,2,1,7,21.88,99,25,78.13,0,0,0,0,0,0,0,0,0,0,0,0,0,0,0,0,0,0,0,0,0,0,0,0,0,0,0,0,0,0,0,0,0,0,0,0,0,0,0,0,0,0,0,0,0,0,0,0,0,0,0,0,0,0,0,0,0,0,0,0,0,0,0,0,0,0,0,0,0
7,03,08,54.21,13,92.86,1,7.14,0,0,0,0,0,0,0,0,1,7.14,13,92.86,1,99,14,100,0,0,0,0,0,0,0,0,0,0,0,0,0,0,0,0,0,0,0,0,0,0,0,0,0,0,0,0,0,0,0,0,0,0,0,0,0,0,0,0,0,0,0,0,0,0,0,0,0,0,0,0,0,0,0,0,0,0,0,0,0,0,0,0,0,0,0,0,0,0,0,0
7,03,09,53.5,8,100,0,0,0,0,0,0,0,0,0,0,2,25,6,75,2,1,1,12.5,99,7,87.5,0,0,0,0,0,0,0,0,0,0,0,0,0,0,0,0,0,0,0,0,0,0,0,0,0,0,0,0,0,0,0,0,0,0,0,0,0,0,0,0,0,0,0,0,0,0,0,0,0,0,0,0,0,0,0,0,0,0,0,0,0,0,0,0,0,0,0,0,0
7,03,10,58.61,32,78.05,9,21.95,0,0,1,2.44,0,0,2,4.88,14,34.15,24,58.54,2,1,5,12.2,99,36,87.8,0,0,0,0,0,0,0,0,0,0,0,0,0,0,0,0,0,0,0,0,0,0,0,0,0,0,0,0,0,0,0,0,0,0,0,0,0,0,0,0,0,0,0,0,0,0,0,0,0,0,0,0,0,0,0,0,0,0,0,0,0,0,0,0,0,0,0,0,0
7,03,11,59.81,14,87.5,2,12.5,0,0,0,0,0,0,0,0,8,50,8,50,2,1,2,12.5,99,14,87.5,0,0,0,0,0,0,0,0,0,0,0,0,0,0,0,0,0,0,0,0,0,0,0,0,0,0,0,0,0,0,0,0,0,0,0,0,0,0,0,0,0,0,0,0,0,0,0,0,0,0,0,0,0,0,0,0,0,0,0,0,0,0,0,0,0,0,0,0,0
7,03,12,60.22,23,100,0,0,0,0,0,0,0,0,0,0,9,39.13,14,60.87,2,1,2,8.7,99,21,91.3,0,0,0,0,0,0,0,0,0,0,0,0,0,0,0,0,0,0,0,0,0,0,0,0,0,0,0,0,0,0,0,0,0,0,0,0,0,0,0,0,0,0,0,0,0,0,0,0,0,0,0,0,0,0,0,0,0,0,0,0,0,0,0,0,0,0,0,0,0
7,03,13,53.24,22,88,3,12,0,0,0,0,0,0,1,4,10,40,14,56,2,1,2,8,99,23,92,0,0,0,0,0,0,0,0,0,0,0,0,0,0,0,0,0,0,0,0,0,0,0,0,0,0,0,0,0,0,0,0,0,0,0,0,0,0,0,0,0,0,0,0,0,0,0,0,0,0,0,0,0,0,0,0,0,0,0,0,0,0,0,0,0,0,0,0,0
7,03,14,59.05,21,95.45,1,4.55,0,0,0,0,0,0,2,9.09,6,27.27,14,63.64,2,1,1,4.55,99,21,95.45,0,0,0,0,0,0,0,0,0,0,0,0,0,0,0,0,0,0,0,0,0,0,0,0,0,0,0,0,0,0,0,0,0,0,0,0,0,0,0,0,0,0,0,0,0,0,0,0,0,0,0,0,0,0,0,0,0,0,0,0,0,0,0,0,0,0,0,0,0
7,03,15,55.85,18,90,2,10,0,0,0,0,1,5,0,0,5,25,14,70,1,99,20,100,0,0,0,0,0,0,0,0,0,0,0,0,0,0,0,0,0,0,0,0,0,0,0,0,0,0,0,0,0,0,0,0,0,0,0,0,0,0,0,0,0,0,0,0,0,0,0,0,0,0,0,0,0,0,0,0,0,0,0,0,0,0,0,0,0,0,0,0,0,0,0,0
7,03,16,59.55,19,86.36,3,13.64,0,0,1,4.55,1,4.55,4,18.18,8,36.36,8,36.36,3,1,3,13.64,3,1,4.55,99,18,81.82,0,0,0,0,0,0,0,0,0,0,0,0,0,0,0,0,0,0,0,0,0,0,0,0,0,0,0,0,0,0,0,0,0,0,0,0,0,0,0,0,0,0,0,0,0,0,0,0,0,0,0,0,0,0,0,0,0,0,0,0,0,0,0,0,0,0
7,03,17,58.67,22,91.67,2,8.33,0,0,0,0,0,0,2,8.33,9,37.5,13,54.17,2,1,1,4.17,99,23,95.83,0,0,0,0,0,0,0,0,0,0,0,0,0,0,0,0,0,0,0,0,0,0,0,0,0,0,0,0,0,0,0,0,0,0,0,0,0,0,0,0,0,0,0,0,0,0,0,0,0,0,0,0,0,0,0,0,0,0,0,0,0,0,0,0,0,0,0,0,0
7,03,18,54.69,14,87.5,2,12.5,0,0,0,0,0,0,1,6.25,10,62.5,5,31.25,1,99,16,100,0,0,0,0,0,0,0,0,0,0,0,0,0,0,0,0,0,0,0,0,0,0,0,0,0,0,0,0,0,0,0,0,0,0,0,0,0,0,0,0,0,0,0,0,0,0,0,0,0,0,0,0,0,0,0,0,0,0,0,0,0,0,0,0,0,0,0,0,0,0,0,0
7,03,19,61.07,14,93.33,1,6.67,0,0,0,0,0,0,2,13.33,4,26.67,9,60,1,99,15,100,0,0,0,0,0,0,0,0,0,0,0,0,0,0,0,0,0,0,0,0,0,0,0,0,0,0,0,0,0,0,0,0,0,0,0,0,0,0,0,0,0,0,0,0,0,0,0,0,0,0,0,0,0,0,0,0,0,0,0,0,0,0,0,0,0,0,0,0,0,0,0,0
7,03,20,59.95,20,100,0,0,0,0,0,0,0,0,1,5,6,30,13,65,2,1,2,10,99,18,90,0,0,0,0,0,0,0,0,0,0,0,0,0,0,0,0,0,0,0,0,0,0,0,0,0,0,0,0,0,0,0,0,0,0,0,0,0,0,0,0,0,0,0,0,0,0,0,0,0,0,0,0,0,0,0,0,0,0,0,0,0,0,0,0,0,0,0,0,0
7,03,21,57.88,16,94.12,1,5.88,0,0,0,0,0,0,0,0,8,47.06,9,52.94,2,1,1,5.88,99,16,94.12,0,0,0,0,0,0,0,0,0,0,0,0,0,0,0,0,0,0,0,0,0,0,0,0,0,0,0,0,0,0,0,0,0,0,0,0,0,0,0,0,0,0,0,0,0,0,0,0,0,0,0,0,0,0,0,0,0,0,0,0,0,0,0,0,0,0,0,0,0
7,03,22,57.78,18,100,0,0,0,0,0,0,0,0,0,0,3,16.67,15,83.33,2,1,1,5.56,99,17,94.44,0,0,0,0,0,0,0,0,0,0,0,0,0,0,0,0,0,0,0,0,0,0,0,0,0,0,0,0,0,0,0,0,0,0,0,0,0,0,0,0,0,0,0,0,0,0,0,0,0,0,0,0,0,0,0,0,0,0,0,0,0,0,0,0,0,0,0,0,0
7,03,23,59.33,21,77.78,6,22.22,0,0,0,0,1,3.7,0,0,4,14.81,22,81.48,2,1,6,22.22,99,21,77.78,0,0,0,0,0,0,0,0,0,0,0,0,0,0,0,0,0,0,0,0,0,0,0,0,0,0,0,0,0,0,0,0,0,0,0,0,0,0,0,0,0,0,0,0,0,0,0,0,0,0,0,0,0,0,0,0,0,0,0,0,0,0,0,0,0,0,0,0,0
7,03,24,58.13,14,93.33,1,6.67,0,0,0,0,0,0,0,0,4,26.67,11,73.33,2,1,6,40,99,9,60,0,0,0,0,0,0,0,0,0,0,0,0,0,0,0,0,0,0,0,0,0,0,0,0,0,0,0,0,0,0,0,0,0,0,0,0,0,0,0,0,0,0,0,0,0,0,0,0,0,0,0,0,0,0,0,0,0,0,0,0,0,0,0,0,0,0,0,0,0
7,03,25,60.88,26,100,0,0,0,0,0,0,0,0,0,0,3,11.54,23,88.46,2,1,2,7.69,99,24,92.31,0,0,0,0,0,0,0,0,0,0,0,0,0,0,0,0,0,0,0,0,0,0,0,0,0,0,0,0,0,0,0,0,0,0,0,0,0,0,0,0,0,0,0,0,0,0,0,0,0,0,0,0,0,0,0,0,0,0,0,0,0,0,0,0,0,0,0,0,0
7,03,26,54.36,14,100,0,0,0,0,0,0,0,0,1,7.14,2,14.29,11,78.57,2,1,1,7.14,99,13,92.86,0,0,0,0,0,0,0,0,0,0,0,0,0,0,0,0,0,0,0,0,0,0,0,0,0,0,0,0,0,0,0,0,0,0,0,0,0,0,0,0,0,0,0,0,0,0,0,0,0,0,0,0,0,0,0,0,0,0,0,0,0,0,0,0,0,0,0,0,0
7,04,00,55.97,235,89.69,27,10.31,0,0,4,1.53,3,1.15,47,17.94,90,34.35,118,45.04,3,1,60,22.9,3,3,1.15,99,199,75.95,0,0,0,0,0,0,0,0,0,0,0,0,0,0,0,0,0,0,0,0,0,0,0,0,0,0,0,0,0,0,0,0,0,0,0,0,0,0,0,0,0,0,0,0,0,0,0,0,0,0,0,0,0,0,0,0,0,0,0,0,0,0,0,0,0,0
7,04,01,55.38,27,79.41,7,20.59,0,0,2,5.88,2,5.88,8,23.53,9,26.47,13,38.24,3,1,4,11.76,3,1,2.94,99,29,85.29,0,0,0,0,0,0,0,0,0,0,0,0,0,0,0,0,0,0,0,0,0,0,0,0,0,0,0,0,0,0,0,0,0,0,0,0,0,0,0,0,0,0,0,0,0,0,0,0,0,0,0,0,0,0,0,0,0,0,0,0,0,0,0,0,0,0
7,04,02,57.39,32,96.97,1,3.03,0,0,0,0,0,0,13,39.39,4,12.12,16,48.48,3,1,9,27.27,3,1,3.03,99,23,69.7,0,0,0,0,0,0,0,0,0,0,0,0,0,0,0,0,0,0,0,0,0,0,0,0,0,0,0,0,0,0,0,0,0,0,0,0,0,0,0,0,0,0,0,0,0,0,0,0,0,0,0,0,0,0,0,0,0,0,0,0,0,0,0,0,0,0
7,04,03,58.63,22,81.48,5,18.52,0,0,0,0,0,0,6,22.22,13,48.15,8,29.63,2,1,1,3.7,99,26,96.3,0,0,0,0,0,0,0,0,0,0,0,0,0,0,0,0,0,0,0,0,0,0,0,0,0,0,0,0,0,0,0,0,0,0,0,0,0,0,0,0,0,0,0,0,0,0,0,0,0,0,0,0,0,0,0,0,0,0,0,0,0,0,0,0,0,0,0,0,0
7,04,04,55.21,26,92.86,2,7.14,0,0,0,0,0,0,5,17.86,9,32.14,14,50,2,1,1,3.57,99,27,96.43,0,0,0,0,0,0,0,0,0,0,0,0,0,0,0,0,0,0,0,0,0,0,0,0,0,0,0,0,0,0,0,0,0,0,0,0,0,0,0,0,0,0,0,0,0,0,0,0,0,0,0,0,0,0,0,0,0,0,0,0,0,0,0,0,0,0,0,0,0
7,04,05,62.64,11,100,0,0,0,0,0,0,0,0,0,0,1,9.09,10,90.91,2,1,4,36.36,99,7,63.64,0,0,0,0,0,0,0,0,0,0,0,0,0,0,0,0,0,0,0,0,0,0,0,0,0,0,0,0,0,0,0,0,0,0,0,0,0,0,0,0,0,0,0,0,0,0,0,0,0,0,0,0,0,0,0,0,0,0,0,0,0,0,0,0,0,0,0,0,0
7,04,06,53.91,22,95.65,1,4.35,0,0,1,4.35,0,0,2,8.7,8,34.78,12,52.17,1,99,23,100,0,0,0,0,0,0,0,0,0,0,0,0,0,0,0,0,0,0,0,0,0,0,0,0,0,0,0,0,0,0,0,0,0,0,0,0,0,0,0,0,0,0,0,0,0,0,0,0,0,0,0,0,0,0,0,0,0,0,0,0,0,0,0,0,0,0,0,0,0,0,0,0
7,04,07,58.31,13,100,0,0,0,0,0,0,0,0,0,0,9,69.23,4,30.77,2,1,5,38.46,99,8,61.54,0,0,0,0,0,0,0,0,0,0,0,0,0,0,0,0,0,0,0,0,0,0,0,0,0,0,0,0,0,0,0,0,0,0,0,0,0,0,0,0,0,0,0,0,0,0,0,0,0,0,0,0,0,0,0,0,0,0,0,0,0,0,0,0,0,0,0,0,0
7,04,08,58.28,15,83.33,3,16.67,0,0,0,0,0,0,3,16.67,6,33.33,9,50,2,1,3,16.67,99,15,83.33,0,0,0,0,0,0,0,0,0,0,0,0,0,0,0,0,0,0,0,0,0,0,0,0,0,0,0,0,0,0,0,0,0,0,0,0,0,0,0,0,0,0,0,0,0,0,0,0,0,0,0,0,0,0,0,0,0,0,0,0,0,0,0,0,0,0,0,0,0
7,04,09,56.69,12,92.31,1,7.69,0,0,1,7.69,0,0,0,0,7,53.85,5,38.46,2,1,2,15.38,99,11,84.62,0,0,0,0,0,0,0,0,0,0,0,0,0,0,0,0,0,0,0,0,0,0,0,0,0,0,0,0,0,0,0,0,0,0,0,0,0,0,0,0,0,0,0,0,0,0,0,0,0,0,0,0,0,0,0,0,0,0,0,0,0,0,0,0,0,0,0,0,0
7,04,10,55.62,12,92.31,1,7.69,0,0,0,0,0,0,1,7.69,5,38.46,7,53.85,2,1,8,61.54,99,5,38.46,0,0,0,0,0,0,0,0,0,0,0,0,0,0,0,0,0,0,0,0,0,0,0,0,0,0,0,0,0,0,0,0,0,0,0,0,0,0,0,0,0,0,0,0,0,0,0,0,0,0,0,0,0,0,0,0,0,0,0,0,0,0,0,0,0,0,0,0,0
7,04,11,54.89,16,84.21,3,15.79,0,0,0,0,0,0,1,5.26,11,57.89,7,36.84,3,1,7,36.84,3,1,5.26,99,11,57.89,0,0,0,0,0,0,0,0,0,0,0,0,0,0,0,0,0,0,0,0,0,0,0,0,0,0,0,0,0,0,0,0,0,0,0,0,0,0,0,0,0,0,0,0,0,0,0,0,0,0,0,0,0,0,0,0,0,0,0,0,0,0,0,0,0,0
7,04,12,54.14,13,92.86,1,7.14,0,0,0,0,1,7.14,5,35.71,3,21.43,5,35.71,2,1,3,21.43,99,11,78.57,0,0,0,0,0,0,0,0,0,0,0,0,0,0,0,0,0,0,0,0,0,0,0,0,0,0,0,0,0,0,0,0,0,0,0,0,0,0,0,0,0,0,0,0,0,0,0,0,0,0,0,0,0,0,0,0,0,0,0,0,0,0,0,0,0,0,0,0,0
7,04,13,47.5,14,87.5,2,12.5,0,0,0,0,0,0,3,18.75,5,31.25,8,50,2,1,13,81.25,99,3,18.75,0,0,0,0,0,0,0,0,0,0,0,0,0,0,0,0,0,0,0,0,0,0,0,0,0,0,0,0,0,0,0,0,0,0,0,0,0,0,0,0,0,0,0,0,0,0,0,0,0,0,0,0,0,0,0,0,0,0,0,0,0,0,0,0,0,0,0,0,0
7,05,00,56.78,352,90.96,35,9.04,0,0,3,0.78,15,3.88,28,7.24,99,25.58,242,62.53,3,1,12,3.1,3,6,1.55,99,369,95.35,0,0,0,0,0,0,0,0,0,0,0,0,0,0,0,0,0,0,0,0,0,0,0,0,0,0,0,0,0,0,0,0,0,0,0,0,0,0,0,0,0,0,0,0,0,0,0,0,0,0,0,0,0,0,0,0,0,0,0,0,0,0,0,0,0,0
7,05,01,53.69,12,92.31,1,7.69,0,0,1,7.69,1,7.69,1,7.69,5,38.46,5,38.46,1,99,13,100,0,0,0,0,0,0,0,0,0,0,0,0,0,0,0,0,0,0,0,0,0,0,0,0,0,0,0,0,0,0,0,0,0,0,0,0,0,0,0,0,0,0,0,0,0,0,0,0,0,0,0,0,0,0,0,0,0,0,0,0,0,0,0,0,0,0,0,0,0,0,0,0
7,05,02,54.13,15,100,0,0,0,0,1,6.67,1,6.67,2,13.33,1,6.67,10,66.67,2,1,2,13.33,99,13,86.67,0,0,0,0,0,0,0,0,0,0,0,0,0,0,0,0,0,0,0,0,0,0,0,0,0,0,0,0,0,0,0,0,0,0,0,0,0,0,0,0,0,0,0,0,0,0,0,0,0,0,0,0,0,0,0,0,0,0,0,0,0,0,0,0,0,0,0,0,0
7,05,03,52.67,11,91.67,1,8.33,0,0,0,0,1,8.33,1,8.33,3,25,7,58.33,1,99,12,100,0,0,0,0,0,0,0,0,0,0,0,0,0,0,0,0,0,0,0,0,0,0,0,0,0,0,0,0,0,0,0,0,0,0,0,0,0,0,0,0,0,0,0,0,0,0,0,0,0,0,0,0,0,0,0,0,0,0,0,0,0,0,0,0,0,0,0,0,0,0,0,0
7,05,04,59.56,9,100,0,0,0,0,0,0,0,0,0,0,3,33.33,6,66.67,1,99,9,100,0,0,0,0,0,0,0,0,0,0,0,0,0,0,0,0,0,0,0,0,0,0,0,0,0,0,0,0,0,0,0,0,0,0,0,0,0,0,0,0,0,0,0,0,0,0,0,0,0,0,0,0,0,0,0,0,0,0,0,0,0,0,0,0,0,0,0,0,0,0,0,0
7,05,05,58.88,14,82.35,3,17.65,0,0,0,0,0,0,3,17.65,3,17.65,11,64.71,2,3,2,11.76,99,15,88.24,0,0,0,0,0,0,0,0,0,0,0,0,0,0,0,0,0,0,0,0,0,0,0,0,0,0,0,0,0,0,0,0,0,0,0,0,0,0,0,0,0,0,0,0,0,0,0,0,0,0,0,0,0,0,0,0,0,0,0,0,0,0,0,0,0,0,0,0,0
7,05,06,59.36,25,89.29,3,10.71,0,0,0,0,0,0,3,10.71,8,28.57,17,60.71,2,1,1,3.57,99,27,96.43,0,0,0,0,0,0,0,0,0,0,0,0,0,0,0,0,0,0,0,0,0,0,0,0,0,0,0,0,0,0,0,0,0,0,0,0,0,0,0,0,0,0,0,0,0,0,0,0,0,0,0,0,0,0,0,0,0,0,0,0,0,0,0,0,0,0,0,0,0
7,05,07,56.52,20,95.24,1,4.76,0,0,0,0,0,0,3,14.29,4,19.05,14,66.67,1,99,21,100,0,0,0,0,0,0,0,0,0,0,0,0,0,0,0,0,0,0,0,0,0,0,0,0,0,0,0,0,0,0,0,0,0,0,0,0,0,0,0,0,0,0,0,0,0,0,0,0,0,0,0,0,0,0,0,0,0,0,0,0,0,0,0,0,0,0,0,0,0,0,0,0
7,05,08,59.29,18,85.71,3,14.29,0,0,0,0,0,0,1,4.76,4,19.05,16,76.19,1,99,21,100,0,0,0,0,0,0,0,0,0,0,0,0,0,0,0,0,0,0,0,0,0,0,0,0,0,0,0,0,0,0,0,0,0,0,0,0,0,0,0,0,0,0,0,0,0,0,0,0,0,0,0,0,0,0,0,0,0,0,0,0,0,0,0,0,0,0,0,0,0,0,0,0
7,05,09,57.38,16,76.19,5,23.81,0,0,0,0,1,4.76,0,0,7,33.33,13,61.9,1,99,21,100,0,0,0,0,0,0,0,0,0,0,0,0,0,0,0,0,0,0,0,0,0,0,0,0,0,0,0,0,0,0,0,0,0,0,0,0,0,0,0,0,0,0,0,0,0,0,0,0,0,0,0,0,0,0,0,0,0,0,0,0,0,0,0,0,0,0,0,0,0,0,0,0
7,05,10,56.46,23,95.83,1,4.17,0,0,0,0,0,0,1,4.17,3,12.5,20,83.33,1,99,24,100,0,0,0,0,0,0,0,0,0,0,0,0,0,0,0,0,0,0,0,0,0,0,0,0,0,0,0,0,0,0,0,0,0,0,0,0,0,0,0,0,0,0,0,0,0,0,0,0,0,0,0,0,0,0,0,0,0,0,0,0,0,0,0,0,0,0,0,0,0,0,0,0
7,05,11,57.14,23,82.14,5,17.86,0,0,0,0,0,0,0,0,10,35.71,18,64.29,3,1,1,3.57,3,1,3.57,99,26,92.86,0,0,0,0,0,0,0,0,0,0,0,0,0,0,0,0,0,0,0,0,0,0,0,0,0,0,0,0,0,0,0,0,0,0,0,0,0,0,0,0,0,0,0,0,0,0,0,0,0,0,0,0,0,0,0,0,0,0,0,0,0,0,0,0,0,0
7,05,12,55.14,14,100,0,0,0,0,0,0,0,0,0,0,3,21.43,11,78.57,2,1,1,7.14,99,13,92.86,0,0,0,0,0,0,0,0,0,0,0,0,0,0,0,0,0,0,0,0,0,0,0,0,0,0,0,0,0,0,0,0,0,0,0,0,0,0,0,0,0,0,0,0,0,0,0,0,0,0,0,0,0,0,0,0,0,0,0,0,0,0,0,0,0,0,0,0,0
7,05,13,54.83,18,100,0,0,0,0,0,0,3,16.67,1,5.56,2,11.11,12,66.67,1,99,18,100,0,0,0,0,0,0,0,0,0,0,0,0,0,0,0,0,0,0,0,0,0,0,0,0,0,0,0,0,0,0,0,0,0,0,0,0,0,0,0,0,0,0,0,0,0,0,0,0,0,0,0,0,0,0,0,0,0,0,0,0,0,0,0,0,0,0,0,0,0,0,0,0
7,05,14,57.22,23,85.19,4,14.81,0,0,0,0,0,0,2,7.41,8,29.63,17,62.96,2,1,1,3.7,99,26,96.3,0,0,0,0,0,0,0,0,0,0,0,0,0,0,0,0,0,0,0,0,0,0,0,0,0,0,0,0,0,0,0,0,0,0,0,0,0,0,0,0,0,0,0,0,0,0,0,0,0,0,0,0,0,0,0,0,0,0,0,0,0,0,0,0,0,0,0,0,0
7,05,15,56,13,92.86,1,7.14,0,0,0,0,1,7.14,0,0,3,21.43,10,71.43,1,99,14,100,0,0,0,0,0,0,0,0,0,0,0,0,0,0,0,0,0,0,0,0,0,0,0,0,0,0,0,0,0,0,0,0,0,0,0,0,0,0,0,0,0,0,0,0,0,0,0,0,0,0,0,0,0,0,0,0,0,0,0,0,0,0,0,0,0,0,0,0,0,0,0,0
7,05,16,52.1,9,90,1,10,0,0,0,0,0,0,2,20,6,60,2,20,1,99,10,100,0,0,0,0,0,0,0,0,0,0,0,0,0,0,0,0,0,0,0,0,0,0,0,0,0,0,0,0,0,0,0,0,0,0,0,0,0,0,0,0,0,0,0,0,0,0,0,0,0,0,0,0,0,0,0,0,0,0,0,0,0,0,0,0,0,0,0,0,0,0,0,0
7,05,17,56.89,36,94.74,2,5.26,0,0,0,0,4,10.53,7,18.42,12,31.58,15,39.47,3,1,4,10.53,3,1,2.63,99,33,86.84,0,0,0,0,0,0,0,0,0,0,0,0,0,0,0,0,0,0,0,0,0,0,0,0,0,0,0,0,0,0,0,0,0,0,0,0,0,0,0,0,0,0,0,0,0,0,0,0,0,0,0,0,0,0,0,0,0,0,0,0,0,0,0,0,0,0
7,05,18,55.53,12,80,3,20,0,0,0,0,0,0,0,0,4,26.67,11,73.33,3,1,1,6.67,3,1,6.67,99,13,86.67,0,0,0,0,0,0,0,0,0,0,0,0,0,0,0,0,0,0,0,0,0,0,0,0,0,0,0,0,0,0,0,0,0,0,0,0,0,0,0,0,0,0,0,0,0,0,0,0,0,0,0,0,0,0,0,0,0,0,0,0,0,0,0,0,0,0
7,05,19,56.55,21,95.45,1,4.55,0,0,1,4.55,3,13.64,1,4.55,5,22.73,12,54.55,3,1,1,4.55,3,1,4.55,99,20,90.91,0,0,0,0,0,0,0,0,0,0,0,0,0,0,0,0,0,0,0,0,0,0,0,0,0,0,0,0,0,0,0,0,0,0,0,0,0,0,0,0,0,0,0,0,0,0,0,0,0,0,0,0,0,0,0,0,0,0,0,0,0,0,0,0,0,0
7,05,20,59.7,20,100,0,0,0,0,0,0,0,0,0,0,5,25,15,75,1,99,20,100,0,0,0,0,0,0,0,0,0,0,0,0,0,0,0,0,0,0,0,0,0,0,0,0,0,0,0,0,0,0,0,0,0,0,0,0,0,0,0,0,0,0,0,0,0,0,0,0,0,0,0,0,0,0,0,0,0,0,0,0,0,0,0,0,0,0,0,0,0,0,0,0
7,06,00,57.19,325,91.04,32,8.96,0,0,2,0.56,9,2.52,27,7.56,87,24.37,232,64.99,4,1,18,5.04,3,11,3.08,9,1,0.28,99,327,91.6,0,0,0,0,0,0,0,0,0,0,0,0,0,0,0,0,0,0,0,0,0,0,0,0,0,0,0,0,0,0,0,0,0,0,0,0,0,0,0,0,0,0,0,0,0,0,0,0,0,0,0,0,0,0,0,0,0,0,0,0,0,0,0
7,06,01,58.22,16,88.89,2,11.11,0,0,0,0,0,0,1,5.56,2,11.11,15,83.33,3,1,1,5.56,3,1,5.56,99,16,88.89,0,0,0,0,0,0,0,0,0,0,0,0,0,0,0,0,0,0,0,0,0,0,0,0,0,0,0,0,0,0,0,0,0,0,0,0,0,0,0,0,0,0,0,0,0,0,0,0,0,0,0,0,0,0,0,0,0,0,0,0,0,0,0,0,0,0
7,06,02,60,15,100,0,0,0,0,0,0,0,0,2,13.33,2,13.33,11,73.33,2,1,1,6.67,99,14,93.33,0,0,0,0,0,0,0,0,0,0,0,0,0,0,0,0,0,0,0,0,0,0,0,0,0,0,0,0,0,0,0,0,0,0,0,0,0,0,0,0,0,0,0,0,0,0,0,0,0,0,0,0,0,0,0,0,0,0,0,0,0,0,0,0,0,0,0,0,0
7,06,03,55.38,24,92.31,2,7.69,0,0,0,0,0,0,2,7.69,13,50,11,42.31,3,1,3,11.54,3,2,7.69,99,21,80.77,0,0,0,0,0,0,0,0,0,0,0,0,0,0,0,0,0,0,0,0,0,0,0,0,0,0,0,0,0,0,0,0,0,0,0,0,0,0,0,0,0,0,0,0,0,0,0,0,0,0,0,0,0,0,0,0,0,0,0,0,0,0,0,0,0,0
7,06,04,56.61,26,92.86,2,7.14,0,0,0,0,1,3.57,5,17.86,10,35.71,12,42.86,3,1,2,7.14,3,2,7.14,99,24,85.71,0,0,0,0,0,0,0,0,0,0,0,0,0,0,0,0,0,0,0,0,0,0,0,0,0,0,0,0,0,0,0,0,0,0,0,0,0,0,0,0,0,0,0,0,0,0,0,0,0,0,0,0,0,0,0,0,0,0,0,0,0,0,0,0,0,0
7,06,05,57.96,19,82.61,4,17.39,0,0,1,4.35,2,8.7,2,8.7,3,13.04,15,65.22,1,99,23,100,0,0,0,0,0,0,0,0,0,0,0,0,0,0,0,0,0,0,0,0,0,0,0,0,0,0,0,0,0,0,0,0,0,0,0,0,0,0,0,0,0,0,0,0,0,0,0,0,0,0,0,0,0,0,0,0,0,0,0,0,0,0,0,0,0,0,0,0,0,0,0,0
7,06,06,57.1,19,90.48,2,9.52,0,0,0,0,0,0,1,4.76,9,42.86,11,52.38,2,3,1,4.76,99,20,95.24,0,0,0,0,0,0,0,0,0,0,0,0,0,0,0,0,0,0,0,0,0,0,0,0,0,0,0,0,0,0,0,0,0,0,0,0,0,0,0,0,0,0,0,0,0,0,0,0,0,0,0,0,0,0,0,0,0,0,0,0,0,0,0,0,0,0,0,0,0
7,06,07,61.86,13,92.86,1,7.14,0,0,0,0,0,0,0,0,3,21.43,11,78.57,2,9,1,7.14,99,13,92.86,0,0,0,0,0,0,0,0,0,0,0,0,0,0,0,0,0,0,0,0,0,0,0,0,0,0,0,0,0,0,0,0,0,0,0,0,0,0,0,0,0,0,0,0,0,0,0,0,0,0,0,0,0,0,0,0,0,0,0,0,0,0,0,0,0,0,0,0,0
7,06,08,60.67,18,100,0,0,0,0,0,0,0,0,4,22.22,4,22.22,10,55.56,1,99,18,100,0,0,0,0,0,0,0,0,0,0,0,0,0,0,0,0,0,0,0,0,0,0,0,0,0,0,0,0,0,0,0,0,0,0,0,0,0,0,0,0,0,0,0,0,0,0,0,0,0,0,0,0,0,0,0,0,0,0,0,0,0,0,0,0,0,0,0,0,0,0,0,0
7,06,09,56.41,24,88.89,3,11.11,0,0,0,0,2,7.41,2,7.41,5,18.52,18,66.67,3,1,1,3.7,3,2,7.41,99,24,88.89,0,0,0,0,0,0,0,0,0,0,0,0,0,0,0,0,0,0,0,0,0,0,0,0,0,0,0,0,0,0,0,0,0,0,0,0,0,0,0,0,0,0,0,0,0,0,0,0,0,0,0,0,0,0,0,0,0,0,0,0,0,0,0,0,0,0
7,06,10,56.88,24,96,1,4,0,0,1,4,0,0,1,4,7,28,16,64,2,3,1,4,99,24,96,0,0,0,0,0,0,0,0,0,0,0,0,0,0,0,0,0,0,0,0,0,0,0,0,0,0,0,0,0,0,0,0,0,0,0,0,0,0,0,0,0,0,0,0,0,0,0,0,0,0,0,0,0,0,0,0,0,0,0,0,0,0,0,0,0,0,0,0,0
7,06,11,59.26,22,95.65,1,4.35,0,0,0,0,0,0,1,4.35,2,8.7,20,86.96,2,1,1,4.35,99,22,95.65,0,0,0,0,0,0,0,0,0,0,0,0,0,0,0,0,0,0,0,0,0,0,0,0,0,0,0,0,0,0,0,0,0,0,0,0,0,0,0,0,0,0,0,0,0,0,0,0,0,0,0,0,0,0,0,0,0,0,0,0,0,0,0,0,0,0,0,0,0
7,06,12,54.35,18,78.26,5,21.74,0,0,0,0,1,4.35,0,0,2,8.7,20,86.96,3,1,3,13.04,3,2,8.7,99,18,78.26,0,0,0,0,0,0,0,0,0,0,0,0,0,0,0,0,0,0,0,0,0,0,0,0,0,0,0,0,0,0,0,0,0,0,0,0,0,0,0,0,0,0,0,0,0,0,0,0,0,0,0,0,0,0,0,0,0,0,0,0,0,0,0,0,0,0
7,06,13,60.36,21,95.45,1,4.55,0,0,0,0,0,0,1,4.55,10,45.45,11,50,2,1,5,22.73,99,17,77.27,0,0,0,0,0,0,0,0,0,0,0,0,0,0,0,0,0,0,0,0,0,0,0,0,0,0,0,0,0,0,0,0,0,0,0,0,0,0,0,0,0,0,0,0,0,0,0,0,0,0,0,0,0,0,0,0,0,0,0,0,0,0,0,0,0,0,0,0,0
7,06,14,54.77,20,90.91,2,9.09,0,0,0,0,0,0,1,4.55,3,13.64,18,81.82,2,1,1,4.55,99,21,95.45,0,0,0,0,0,0,0,0,0,0,0,0,0,0,0,0,0,0,0,0,0,0,0,0,0,0,0,0,0,0,0,0,0,0,0,0,0,0,0,0,0,0,0,0,0,0,0,0,0,0,0,0,0,0,0,0,0,0,0,0,0,0,0,0,0,0,0,0,0
7,06,15,56.46,20,83.33,4,16.67,0,0,0,0,0,0,3,12.5,4,16.67,17,70.83,1,99,24,100,0,0,0,0,0,0,0,0,0,0,0,0,0,0,0,0,0,0,0,0,0,0,0,0,0,0,0,0,0,0,0,0,0,0,0,0,0,0,0,0,0,0,0,0,0,0,0,0,0,0,0,0,0,0,0,0,0,0,0,0,0,0,0,0,0,0,0,0,0,0,0,0
7,06,16,58.91,10,90.91,1,9.09,0,0,0,0,1,9.09,0,0,0,0,10,90.91,1,99,11,100,0,0,0,0,0,0,0,0,0,0,0,0,0,0,0,0,0,0,0,0,0,0,0,0,0,0,0,0,0,0,0,0,0,0,0,0,0,0,0,0,0,0,0,0,0,0,0,0,0,0,0,0,0,0,0,0,0,0,0,0,0,0,0,0,0,0,0,0,0,0,0,0
7,06,17,53.2,5,100,0,0,0,0,0,0,1,20,0,0,1,20,3,60,1,99,5,100,0,0,0,0,0,0,0,0,0,0,0,0,0,0,0,0,0,0,0,0,0,0,0,0,0,0,0,0,0,0,0,0,0,0,0,0,0,0,0,0,0,0,0,0,0,0,0,0,0,0,0,0,0,0,0,0,0,0,0,0,0,0,0,0,0,0,0,0,0,0,0,0
7,06,18,49.5,11,91.67,1,8.33,0,0,0,0,1,8.33,1,8.33,7,58.33,3,25,1,99,12,100,0,0,0,0,0,0,0,0,0,0,0,0,0,0,0,0,0,0,0,0,0,0,0,0,0,0,0,0,0,0,0,0,0,0,0,0,0,0,0,0,0,0,0,0,0,0,0,0,0,0,0,0,0,0,0,0,0,0,0,0,0,0,0,0,0,0,0,0,0,0,0,0
7,07,00,57.58,407,88.48,53,11.52,0,0,2,0.43,18,3.91,43,9.35,169,36.74,228,49.57,3,1,51,11.09,3,6,1.3,99,403,87.61,0,0,0,0,0,0,0,0,0,0,0,0,0,0,0,0,0,0,0,0,0,0,0,0,0,0,0,0,0,0,0,0,0,0,0,0,0,0,0,0,0,0,0,0,0,0,0,0,0,0,0,0,0,0,0,0,0,0,0,0,0,0,0,0,0,0
7,07,01,57.14,66,84.62,12,15.38,0,0,1,1.28,7,8.97,7,8.97,33,42.31,30,38.46,2,1,16,20.51,99,62,79.49,0,0,0,0,0,0,0,0,0,0,0,0,0,0,0,0,0,0,0,0,0,0,0,0,0,0,0,0,0,0,0,0,0,0,0,0,0,0,0,0,0,0,0,0,0,0,0,0,0,0,0,0,0,0,0,0,0,0,0,0,0,0,0,0,0,0,0,0,0
7,07,02,59,16,76.19,5,23.81,0,0,0,0,1,4.76,5,23.81,11,52.38,4,19.05,1,99,21,100,0,0,0,0,0,0,0,0,0,0,0,0,0,0,0,0,0,0,0,0,0,0,0,0,0,0,0,0,0,0,0,0,0,0,0,0,0,0,0,0,0,0,0,0,0,0,0,0,0,0,0,0,0,0,0,0,0,0,0,0,0,0,0,0,0,0,0,0,0,0,0,0
7,07,03,57.27,22,100,0,0,0,0,0,0,0,0,6,27.27,1,4.55,15,68.18,2,3,2,9.09,99,20,90.91,0,0,0,0,0,0,0,0,0,0,0,0,0,0,0,0,0,0,0,0,0,0,0,0,0,0,0,0,0,0,0,0,0,0,0,0,0,0,0,0,0,0,0,0,0,0,0,0,0,0,0,0,0,0,0,0,0,0,0,0,0,0,0,0,0,0,0,0,0
7,07,04,56.88,14,82.35,3,17.65,0,0,0,0,0,0,1,5.88,1,5.88,15,88.24,2,1,1,5.88,99,16,94.12,0,0,0,0,0,0,0,0,0,0,0,0,0,0,0,0,0,0,0,0,0,0,0,0,0,0,0,0,0,0,0,0,0,0,0,0,0,0,0,0,0,0,0,0,0,0,0,0,0,0,0,0,0,0,0,0,0,0,0,0,0,0,0,0,0,0,0,0,0
7,07,05,59.53,28,93.33,2,6.67,0,0,0,0,0,0,2,6.67,10,33.33,18,60,3,1,1,3.33,3,2,6.67,99,27,90,0,0,0,0,0,0,0,0,0,0,0,0,0,0,0,0,0,0,0,0,0,0,0,0,0,0,0,0,0,0,0,0,0,0,0,0,0,0,0,0,0,0,0,0,0,0,0,0,0,0,0,0,0,0,0,0,0,0,0,0,0,0,0,0,0,0
7,07,06,61.6,14,93.33,1,6.67,0,0,0,0,0,0,0,0,5,33.33,10,66.67,2,1,1,6.67,99,14,93.33,0,0,0,0,0,0,0,0,0,0,0,0,0,0,0,0,0,0,0,0,0,0,0,0,0,0,0,0,0,0,0,0,0,0,0,0,0,0,0,0,0,0,0,0,0,0,0,0,0,0,0,0,0,0,0,0,0,0,0,0,0,0,0,0,0,0,0,0,0
7,07,07,61.14,7,100,0,0,0,0,0,0,0,0,2,28.57,3,42.86,2,28.57,1,99,7,100,0,0,0,0,0,0,0,0,0,0,0,0,0,0,0,0,0,0,0,0,0,0,0,0,0,0,0,0,0,0,0,0,0,0,0,0,0,0,0,0,0,0,0,0,0,0,0,0,0,0,0,0,0,0,0,0,0,0,0,0,0,0,0,0,0,0,0,0,0,0,0,0
7,07,08,57.64,11,100,0,0,0,0,0,0,0,0,0,0,4,36.36,7,63.64,1,99,11,100,0,0,0,0,0,0,0,0,0,0,0,0,0,0,0,0,0,0,0,0,0,0,0,0,0,0,0,0,0,0,0,0,0,0,0,0,0,0,0,0,0,0,0,0,0,0,0,0,0,0,0,0,0,0,0,0,0,0,0,0,0,0,0,0,0,0,0,0,0,0,0,0
7,07,09,56.36,13,92.86,1,7.14,0,0,0,0,2,14.29,1,7.14,6,42.86,5,35.71,2,1,1,7.14,99,13,92.86,0,0,0,0,0,0,0,0,0,0,0,0,0,0,0,0,0,0,0,0,0,0,0,0,0,0,0,0,0,0,0,0,0,0,0,0,0,0,0,0,0,0,0,0,0,0,0,0,0,0,0,0,0,0,0,0,0,0,0,0,0,0,0,0,0,0,0,0,0
7,07,10,53.58,9,75,3,25,0,0,0,0,0,0,0,0,6,50,6,50,1,99,12,100,0,0,0,0,0,0,0,0,0,0,0,0,0,0,0,0,0,0,0,0,0,0,0,0,0,0,0,0,0,0,0,0,0,0,0,0,0,0,0,0,0,0,0,0,0,0,0,0,0,0,0,0,0,0,0,0,0,0,0,0,0,0,0,0,0,0,0,0,0,0,0,0
7,07,11,56.21,17,89.47,2,10.53,0,0,0,0,0,0,1,5.26,9,47.37,9,47.37,1,99,19,100,0,0,0,0,0,0,0,0,0,0,0,0,0,0,0,0,0,0,0,0,0,0,0,0,0,0,0,0,0,0,0,0,0,0,0,0,0,0,0,0,0,0,0,0,0,0,0,0,0,0,0,0,0,0,0,0,0,0,0,0,0,0,0,0,0,0,0,0,0,0,0,0
7,07,12,55.5,12,85.71,2,14.29,0,0,1,7.14,2,14.29,2,14.29,6,42.86,3,21.43,2,3,1,7.14,99,13,92.86,0,0,0,0,0,0,0,0,0,0,0,0,0,0,0,0,0,0,0,0,0,0,0,0,0,0,0,0,0,0,0,0,0,0,0,0,0,0,0,0,0,0,0,0,0,0,0,0,0,0,0,0,0,0,0,0,0,0,0,0,0,0,0,0,0,0,0,0,0
7,07,13,60.13,21,91.3,2,8.7,0,0,0,0,2,8.7,6,26.09,9,39.13,6,26.09,2,1,2,8.7,99,21,91.3,0,0,0,0,0,0,0,0,0,0,0,0,0,0,0,0,0,0,0,0,0,0,0,0,0,0,0,0,0,0,0,0,0,0,0,0,0,0,0,0,0,0,0,0,0,0,0,0,0,0,0,0,0,0,0,0,0,0,0,0,0,0,0,0,0,0,0,0,0
7,07,14,59.6,14,93.33,1,6.67,0,0,0,0,0,0,1,6.67,7,46.67,7,46.67,1,99,15,100,0,0,0,0,0,0,0,0,0,0,0,0,0,0,0,0,0,0,0,0,0,0,0,0,0,0,0,0,0,0,0,0,0,0,0,0,0,0,0,0,0,0,0,0,0,0,0,0,0,0,0,0,0,0,0,0,0,0,0,0,0,0,0,0,0,0,0,0,0,0,0,0
7,07,15,63,7,100,0,0,0,0,0,0,0,0,1,14.29,3,42.86,3,42.86,1,99,7,100,0,0,0,0,0,0,0,0,0,0,0,0,0,0,0,0,0,0,0,0,0,0,0,0,0,0,0,0,0,0,0,0,0,0,0,0,0,0,0,0,0,0,0,0,0,0,0,0,0,0,0,0,0,0,0,0,0,0,0,0,0,0,0,0,0,0,0,0,0,0,0,0
7,07,16,60,12,80,3,20,0,0,0,0,1,6.67,0,0,4,26.67,10,66.67,2,1,3,20,99,12,80,0,0,0,0,0,0,0,0,0,0,0,0,0,0,0,0,0,0,0,0,0,0,0,0,0,0,0,0,0,0,0,0,0,0,0,0,0,0,0,0,0,0,0,0,0,0,0,0,0,0,0,0,0,0,0,0,0,0,0,0,0,0,0,0,0,0,0,0,0
7,07,17,57.6,14,93.33,1,6.67,0,0,0,0,0,0,1,6.67,5,33.33,9,60,1,99,15,100,0,0,0,0,0,0,0,0,0,0,0,0,0,0,0,0,0,0,0,0,0,0,0,0,0,0,0,0,0,0,0,0,0,0,0,0,0,0,0,0,0,0,0,0,0,0,0,0,0,0,0,0,0,0,0,0,0,0,0,0,0,0,0,0,0,0,0,0,0,0,0,0
7,07,18,53,6,75,2,25,0,0,0,0,0,0,0,0,5,62.5,3,37.5,1,99,8,100,0,0,0,0,0,0,0,0,0,0,0,0,0,0,0,0,0,0,0,0,0,0,0,0,0,0,0,0,0,0,0,0,0,0,0,0,0,0,0,0,0,0,0,0,0,0,0,0,0,0,0,0,0,0,0,0,0,0,0,0,0,0,0,0,0,0,0,0,0,0,0,0
7,07,19,57.5,8,80,2,20,0,0,0,0,0,0,0,0,3,30,7,70,1,99,10,100,0,0,0,0,0,0,0,0,0,0,0,0,0,0,0,0,0,0,0,0,0,0,0,0,0,0,0,0,0,0,0,0,0,0,0,0,0,0,0,0,0,0,0,0,0,0,0,0,0,0,0,0,0,0,0,0,0,0,0,0,0,0,0,0,0,0,0,0,0,0,0,0
7,07,20,55,9,90,1,10,0,0,0,0,1,10,0,0,3,30,6,60,1,99,10,100,0,0,0,0,0,0,0,0,0,0,0,0,0,0,0,0,0,0,0,0,0,0,0,0,0,0,0,0,0,0,0,0,0,0,0,0,0,0,0,0,0,0,0,0,0,0,0,0,0,0,0,0,0,0,0,0,0,0,0,0,0,0,0,0,0,0,0,0,0,0,0,0
7,07,21,56.92,10,83.33,2,16.67,0,0,0,0,0,0,1,8.33,7,58.33,4,33.33,2,3,1,8.33,99,11,91.67,0,0,0,0,0,0,0,0,0,0,0,0,0,0,0,0,0,0,0,0,0,0,0,0,0,0,0,0,0,0,0,0,0,0,0,0,0,0,0,0,0,0,0,0,0,0,0,0,0,0,0,0,0,0,0,0,0,0,0,0,0,0,0,0,0,0,0,0,0
7,07,22,53.88,6,75,2,25,0,0,0,0,0,0,0,0,2,25,6,75,1,99,8,100,0,0,0,0,0,0,0,0,0,0,0,0,0,0,0,0,0,0,0,0,0,0,0,0,0,0,0,0,0,0,0,0,0,0,0,0,0,0,0,0,0,0,0,0,0,0,0,0,0,0,0,0,0,0,0,0,0,0,0,0,0,0,0,0,0,0,0,0,0,0,0,0
7,07,23,59.45,10,90.91,1,9.09,0,0,0,0,0,0,2,18.18,1,9.09,8,72.73,1,99,11,100,0,0,0,0,0,0,0,0,0,0,0,0,0,0,0,0,0,0,0,0,0,0,0,0,0,0,0,0,0,0,0,0,0,0,0,0,0,0,0,0,0,0,0,0,0,0,0,0,0,0,0,0,0,0,0,0,0,0,0,0,0,0,0,0,0,0,0,0,0,0,0,0
7,07,24,51.38,7,87.5,1,12.5,0,0,0,0,0,0,0,0,5,62.5,3,37.5,1,99,8,100,0,0,0,0,0,0,0,0,0,0,0,0,0,0,0,0,0,0,0,0,0,0,0,0,0,0,0,0,0,0,0,0,0,0,0,0,0,0,0,0,0,0,0,0,0,0,0,0,0,0,0,0,0,0,0,0,0,0,0,0,0,0,0,0,0,0,0,0,0,0,0,0
7,07,25,63,4,100,0,0,0,0,0,0,0,0,0,0,0,0,4,100,1,99,4,100,0,0,0,0,0,0,0,0,0,0,0,0,0,0,0,0,0,0,0,0,0,0,0,0,0,0,0,0,0,0,0,0,0,0,0,0,0,0,0,0,0,0,0,0,0,0,0,0,0,0,0,0,0,0,0,0,0,0,0,0,0,0,0,0,0,0,0,0,0,0,0,0
7,07,26,56.22,7,77.78,2,22.22,0,0,0,0,1,11.11,1,11.11,1,11.11,6,66.67,2,1,7,77.78,99,2,22.22,0,0,0,0,0,0,0,0,0,0,0,0,0,0,0,0,0,0,0,0,0,0,0,0,0,0,0,0,0,0,0,0,0,0,0,0,0,0,0,0,0,0,0,0,0,0,0,0,0,0,0,0,0,0,0,0,0,0,0,0,0,0,0,0,0,0,0,0,0
7,07,27,56.5,6,100,0,0,0,0,0,0,0,0,0,0,4,66.67,2,33.33,1,99,6,100,0,0,0,0,0,0,0,0,0,0,0,0,0,0,0,0,0,0,0,0,0,0,0,0,0,0,0,0,0,0,0,0,0,0,0,0,0,0,0,0,0,0,0,0,0,0,0,0,0,0,0,0,0,0,0,0,0,0,0,0,0,0,0,0,0,0,0,0,0,0,0,0
7,07,28,57.83,6,100,0,0,0,0,0,0,0,0,0,0,2,33.33,4,66.67,2,1,1,16.67,99,5,83.33,0,0,0,0,0,0,0,0,0,0,0,0,0,0,0,0,0,0,0,0,0,0,0,0,0,0,0,0,0,0,0,0,0,0,0,0,0,0,0,0,0,0,0,0,0,0,0,0,0,0,0,0,0,0,0,0,0,0,0,0,0,0,0,0,0,0,0,0,0
7,07,29,59,6,100,0,0,0,0,0,0,0,0,1,16.67,1,16.67,4,66.67,1,99,6,100,0,0,0,0,0,0,0,0,0,0,0,0,0,0,0,0,0,0,0,0,0,0,0,0,0,0,0,0,0,0,0,0,0,0,0,0,0,0,0,0,0,0,0,0,0,0,0,0,0,0,0,0,0,0,0,0,0,0,0,0,0,0,0,0,0,0,0,0,0,0,0,0
7,07,30,56.43,7,100,0,0,0,0,0,0,0,0,0,0,4,57.14,3,42.86,2,1,6,85.71,99,1,14.29,0,0,0,0,0,0,0,0,0,0,0,0,0,0,0,0,0,0,0,0,0,0,0,0,0,0,0,0,0,0,0,0,0,0,0,0,0,0,0,0,0,0,0,0,0,0,0,0,0,0,0,0,0,0,0,0,0,0,0,0,0,0,0,0,0,0,0,0,0
7,07,31,53.5,5,83.33,1,16.67,0,0,0,0,0,0,0,0,3,50,3,50,2,1,3,50,99,3,50,0,0,0,0,0,0,0,0,0,0,0,0,0,0,0,0,0,0,0,0,0,0,0,0,0,0,0,0,0,0,0,0,0,0,0,0,0,0,0,0,0,0,0,0,0,0,0,0,0,0,0,0,0,0,0,0,0,0,0,0,0,0,0,0,0,0,0,0,0
7,07,32,59,8,100,0,0,0,0,0,0,0,0,0,0,4,50,4,50,2,1,3,37.5,99,5,62.5,0,0,0,0,0,0,0,0,0,0,0,0,0,0,0,0,0,0,0,0,0,0,0,0,0,0,0,0,0,0,0,0,0,0,0,0,0,0,0,0,0,0,0,0,0,0,0,0,0,0,0,0,0,0,0,0,0,0,0,0,0,0,0,0,0,0,0,0,0
7,07,33,53,5,83.33,1,16.67,0,0,0,0,1,16.67,2,33.33,1,16.67,2,33.33,1,1,6,100,0,0,0,0,0,0,0,0,0,0,0,0,0,0,0,0,0,0,0,0,0,0,0,0,0,0,0,0,0,0,0,0,0,0,0,0,0,0,0,0,0,0,0,0,0,0,0,0,0,0,0,0,0,0,0,0,0,0,0,0,0,0,0,0,0,0,0,0,0,0,0,0
7,08,00,58.81,214,91.85,19,8.15,0,0,0,0,9,3.86,27,11.59,62,26.61,135,57.94,3,1,29,12.45,3,11,4.72,99,193,82.83,0,0,0,0,0,0,0,0,0,0,0,0,0,0,0,0,0,0,0,0,0,0,0,0,0,0,0,0,0,0,0,0,0,0,0,0,0,0,0,0,0,0,0,0,0,0,0,0,0,0,0,0,0,0,0,0,0,0,0,0,0,0,0,0,0,0
7,08,01,58.66,37,97.37,1,2.63,0,0,0,0,4,10.53,6,15.79,13,34.21,15,39.47,3,1,6,15.79,3,1,2.63,99,31,81.58,0,0,0,0,0,0,0,0,0,0,0,0,0,0,0,0,0,0,0,0,0,0,0,0,0,0,0,0,0,0,0,0,0,0,0,0,0,0,0,0,0,0,0,0,0,0,0,0,0,0,0,0,0,0,0,0,0,0,0,0,0,0,0,0,0,0
7,08,02,58.74,20,86.96,3,13.04,0,0,0,0,2,8.7,2,8.7,10,43.48,9,39.13,3,1,1,4.35,3,4,17.39,99,18,78.26,0,0,0,0,0,0,0,0,0,0,0,0,0,0,0,0,0,0,0,0,0,0,0,0,0,0,0,0,0,0,0,0,0,0,0,0,0,0,0,0,0,0,0,0,0,0,0,0,0,0,0,0,0,0,0,0,0,0,0,0,0,0,0,0,0,0
7,08,03,56.46,24,92.31,2,7.69,0,0,0,0,0,0,3,11.54,8,30.77,15,57.69,2,1,3,11.54,99,23,88.46,0,0,0,0,0,0,0,0,0,0,0,0,0,0,0,0,0,0,0,0,0,0,0,0,0,0,0,0,0,0,0,0,0,0,0,0,0,0,0,0,0,0,0,0,0,0,0,0,0,0,0,0,0,0,0,0,0,0,0,0,0,0,0,0,0,0,0,0,0
7,08,04,60.38,22,91.67,2,8.33,0,0,0,0,0,0,3,12.5,2,8.33,19,79.17,2,1,3,12.5,99,21,87.5,0,0,0,0,0,0,0,0,0,0,0,0,0,0,0,0,0,0,0,0,0,0,0,0,0,0,0,0,0,0,0,0,0,0,0,0,0,0,0,0,0,0,0,0,0,0,0,0,0,0,0,0,0,0,0,0,0,0,0,0,0,0,0,0,0,0,0,0,0
7,08,05,61.44,16,88.89,2,11.11,0,0,0,0,2,11.11,3,16.67,3,16.67,10,55.56,2,1,5,27.78,99,13,72.22,0,0,0,0,0,0,0,0,0,0,0,0,0,0,0,0,0,0,0,0,0,0,0,0,0,0,0,0,0,0,0,0,0,0,0,0,0,0,0,0,0,0,0,0,0,0,0,0,0,0,0,0,0,0,0,0,0,0,0,0,0,0,0,0,0,0,0,0,0
7,08,06,60.14,12,85.71,2,14.29,0,0,0,0,0,0,2,14.29,2,14.29,10,71.43,2,1,1,7.14,99,13,92.86,0,0,0,0,0,0,0,0,0,0,0,0,0,0,0,0,0,0,0,0,0,0,0,0,0,0,0,0,0,0,0,0,0,0,0,0,0,0,0,0,0,0,0,0,0,0,0,0,0,0,0,0,0,0,0,0,0,0,0,0,0,0,0,0,0,0,0,0,0
7,08,07,57.19,16,100,0,0,0,0,0,0,1,6.25,1,6.25,4,25,10,62.5,2,3,1,6.25,99,15,93.75,0,0,0,0,0,0,0,0,0,0,0,0,0,0,0,0,0,0,0,0,0,0,0,0,0,0,0,0,0,0,0,0,0,0,0,0,0,0,0,0,0,0,0,0,0,0,0,0,0,0,0,0,0,0,0,0,0,0,0,0,0,0,0,0,0,0,0,0,0
7,08,08,59.29,22,91.67,2,8.33,0,0,0,0,0,0,3,12.5,6,25,15,62.5,2,3,2,8.33,99,22,91.67,0,0,0,0,0,0,0,0,0,0,0,0,0,0,0,0,0,0,0,0,0,0,0,0,0,0,0,0,0,0,0,0,0,0,0,0,0,0,0,0,0,0,0,0,0,0,0,0,0,0,0,0,0,0,0,0,0,0,0,0,0,0,0,0,0,0,0,0,0
7,08,09,61.4,12,80,3,20,0,0,0,0,0,0,0,0,7,46.67,8,53.33,2,3,2,13.33,99,13,86.67,0,0,0,0,0,0,0,0,0,0,0,0,0,0,0,0,0,0,0,0,0,0,0,0,0,0,0,0,0,0,0,0,0,0,0,0,0,0,0,0,0,0,0,0,0,0,0,0,0,0,0,0,0,0,0,0,0,0,0,0,0,0,0,0,0,0,0,0,0
7,08,10,58.11,17,94.44,1,5.56,0,0,0,0,0,0,2,11.11,3,16.67,13,72.22,2,3,1,5.56,99,17,94.44,0,0,0,0,0,0,0,0,0,0,0,0,0,0,0,0,0,0,0,0,0,0,0,0,0,0,0,0,0,0,0,0,0,0,0,0,0,0,0,0,0,0,0,0,0,0,0,0,0,0,0,0,0,0,0,0,0,0,0,0,0,0,0,0,0,0,0,0,0
7,08,11,56.1,9,90,1,10,0,0,0,0,0,0,1,10,3,30,6,60,2,1,5,50,99,5,50,0,0,0,0,0,0,0,0,0,0,0,0,0,0,0,0,0,0,0,0,0,0,0,0,0,0,0,0,0,0,0,0,0,0,0,0,0,0,0,0,0,0,0,0,0,0,0,0,0,0,0,0,0,0,0,0,0,0,0,0,0,0,0,0,0,0,0,0,0
7,08,12,56,7,100,0,0,0,0,0,0,0,0,1,14.29,1,14.29,5,71.43,2,1,5,71.43,99,2,28.57,0,0,0,0,0,0,0,0,0,0,0,0,0,0,0,0,0,0,0,0,0,0,0,0,0,0,0,0,0,0,0,0,0,0,0,0,0,0,0,0,0,0,0,0,0,0,0,0,0,0,0,0,0,0,0,0,0,0,0,0,0,0,0,0,0,0,0,0,0
7,09,00,57.07,149,84.18,28,15.82,0,0,3,1.69,9,5.08,21,11.86,71,40.11,73,41.24,3,1,106,59.89,3,1,0.56,99,70,39.55,0,0,0,0,0,0,0,0,0,0,0,0,0,0,0,0,0,0,0,0,0,0,0,0,0,0,0,0,0,0,0,0,0,0,0,0,0,0,0,0,0,0,0,0,0,0,0,0,0,0,0,0,0,0,0,0,0,0,0,0,0,0,0,0,0,0
7,09,01,57.87,36,80,9,20,0,0,2,4.44,3,6.67,12,26.67,21,46.67,7,15.56,3,1,34,75.56,3,1,2.22,99,10,22.22,0,0,0,0,0,0,0,0,0,0,0,0,0,0,0,0,0,0,0,0,0,0,0,0,0,0,0,0,0,0,0,0,0,0,0,0,0,0,0,0,0,0,0,0,0,0,0,0,0,0,0,0,0,0,0,0,0,0,0,0,0,0,0,0,0,0
7,09,02,54.5,7,87.5,1,12.5,0,0,0,0,0,0,0,0,4,50,4,50,2,1,3,37.5,99,5,62.5,0,0,0,0,0,0,0,0,0,0,0,0,0,0,0,0,0,0,0,0,0,0,0,0,0,0,0,0,0,0,0,0,0,0,0,0,0,0,0,0,0,0,0,0,0,0,0,0,0,0,0,0,0,0,0,0,0,0,0,0,0,0,0,0,0,0,0,0,0
7,09,03,54.22,6,66.67,3,33.33,0,0,1,11.11,0,0,1,11.11,2,22.22,5,55.56,2,1,6,66.67,99,3,33.33,0,0,0,0,0,0,0,0,0,0,0,0,0,0,0,0,0,0,0,0,0,0,0,0,0,0,0,0,0,0,0,0,0,0,0,0,0,0,0,0,0,0,0,0,0,0,0,0,0,0,0,0,0,0,0,0,0,0,0,0,0,0,0,0,0,0,0,0,0
7,09,04,57.61,17,94.44,1,5.56,0,0,0,0,2,11.11,1,5.56,8,44.44,7,38.89,2,1,15,83.33,99,3,16.67,0,0,0,0,0,0,0,0,0,0,0,0,0,0,0,0,0,0,0,0,0,0,0,0,0,0,0,0,0,0,0,0,0,0,0,0,0,0,0,0,0,0,0,0,0,0,0,0,0,0,0,0,0,0,0,0,0,0,0,0,0,0,0,0,0,0,0,0,0
7,09,05,56.73,12,80,3,20,0,0,0,0,1,6.67,3,20,6,40,5,33.33,2,1,8,53.33,99,7,46.67,0,0,0,0,0,0,0,0,0,0,0,0,0,0,0,0,0,0,0,0,0,0,0,0,0,0,0,0,0,0,0,0,0,0,0,0,0,0,0,0,0,0,0,0,0,0,0,0,0,0,0,0,0,0,0,0,0,0,0,0,0,0,0,0,0,0,0,0,0
7,09,06,54.58,8,66.67,4,33.33,0,0,0,0,1,8.33,0,0,1,8.33,10,83.33,2,1,5,41.67,99,7,58.33,0,0,0,0,0,0,0,0,0,0,0,0,0,0,0,0,0,0,0,0,0,0,0,0,0,0,0,0,0,0,0,0,0,0,0,0,0,0,0,0,0,0,0,0,0,0,0,0,0,0,0,0,0,0,0,0,0,0,0,0,0,0,0,0,0,0,0,0,0
7,09,07,59.43,13,92.86,1,7.14,0,0,0,0,0,0,0,0,8,57.14,6,42.86,2,1,10,71.43,99,4,28.57,0,0,0,0,0,0,0,0,0,0,0,0,0,0,0,0,0,0,0,0,0,0,0,0,0,0,0,0,0,0,0,0,0,0,0,0,0,0,0,0,0,0,0,0,0,0,0,0,0,0,0,0,0,0,0,0,0,0,0,0,0,0,0,0,0,0,0,0,0
7,09,08,61.8,5,100,0,0,0,0,0,0,1,20,0,0,1,20,3,60,2,1,3,60,99,2,40,0,0,0,0,0,0,0,0,0,0,0,0,0,0,0,0,0,0,0,0,0,0,0,0,0,0,0,0,0,0,0,0,0,0,0,0,0,0,0,0,0,0,0,0,0,0,0,0,0,0,0,0,0,0,0,0,0,0,0,0,0,0,0,0,0,0,0,0,0
7,09,09,54.83,4,66.67,2,33.33,0,0,0,0,1,16.67,0,0,3,50,2,33.33,2,1,4,66.67,99,2,33.33,0,0,0,0,0,0,0,0,0,0,0,0,0,0,0,0,0,0,0,0,0,0,0,0,0,0,0,0,0,0,0,0,0,0,0,0,0,0,0,0,0,0,0,0,0,0,0,0,0,0,0,0,0,0,0,0,0,0,0,0,0,0,0,0,0,0,0,0,0
7,09,10,57.18,10,90.91,1,9.09,0,0,0,0,0,0,1,9.09,5,45.45,5,45.45,2,1,2,18.18,99,9,81.82,0,0,0,0,0,0,0,0,0,0,0,0,0,0,0,0,0,0,0,0,0,0,0,0,0,0,0,0,0,0,0,0,0,0,0,0,0,0,0,0,0,0,0,0,0,0,0,0,0,0,0,0,0,0,0,0,0,0,0,0,0,0,0,0,0,0,0,0,0
7,09,11,56.07,13,86.67,2,13.33,0,0,0,0,0,0,2,13.33,7,46.67,6,40,2,1,5,33.33,99,10,66.67,0,0,0,0,0,0,0,0,0,0,0,0,0,0,0,0,0,0,0,0,0,0,0,0,0,0,0,0,0,0,0,0,0,0,0,0,0,0,0,0,0,0,0,0,0,0,0,0,0,0,0,0,0,0,0,0,0,0,0,0,0,0,0,0,0,0,0,0,0
7,09,12,58.08,12,92.31,1,7.69,0,0,0,0,0,0,1,7.69,3,23.08,9,69.23,2,1,6,46.15,99,7,53.85,0,0,0,0,0,0,0,0,0,0,0,0,0,0,0,0,0,0,0,0,0,0,0,0,0,0,0,0,0,0,0,0,0,0,0,0,0,0,0,0,0,0,0,0,0,0,0,0,0,0,0,0,0,0,0,0,0,0,0,0,0,0,0,0,0,0,0,0,0
7,09,13,55.83,6,100,0,0,0,0,0,0,0,0,0,0,2,33.33,4,66.67,2,1,5,83.33,99,1,16.67,0,0,0,0,0,0,0,0,0,0,0,0,0,0,0,0,0,0,0,0,0,0,0,0,0,0,0,0,0,0,0,0,0,0,0,0,0,0,0,0,0,0,0,0,0,0,0,0,0,0,0,0,0,0,0,0,0,0,0,0,0,0,0,0,0,0,0,0,0
7,10,00,54.16,126,85.71,21,14.29,0,0,1,0.68,8,5.44,14,9.52,55,37.41,69,46.94,2,1,73,49.66,99,74,50.34,0,0,0,0,0,0,0,0,0,0,0,0,0,0,0,0,0,0,0,0,0,0,0,0,0,0,0,0,0,0,0,0,0,0,0,0,0,0,0,0,0,0,0,0,0,0,0,0,0,0,0,0,0,0,0,0,0,0,0,0,0,0,0,0,0,0,0,0,0
7,10,01,53.61,35,76.09,11,23.91,0,0,1,2.17,5,10.87,8,17.39,18,39.13,14,30.43,2,1,21,45.65,99,25,54.35,0,0,0,0,0,0,0,0,0,0,0,0,0,0,0,0,0,0,0,0,0,0,0,0,0,0,0,0,0,0,0,0,0,0,0,0,0,0,0,0,0,0,0,0,0,0,0,0,0,0,0,0,0,0,0,0,0,0,0,0,0,0,0,0,0,0,0,0,0
7,10,02,56.13,7,87.5,1,12.5,0,0,0,0,1,12.5,0,0,2,25,5,62.5,2,1,3,37.5,99,5,62.5,0,0,0,0,0,0,0,0,0,0,0,0,0,0,0,0,0,0,0,0,0,0,0,0,0,0,0,0,0,0,0,0,0,0,0,0,0,0,0,0,0,0,0,0,0,0,0,0,0,0,0,0,0,0,0,0,0,0,0,0,0,0,0,0,0,0,0,0,0
7,10,03,54.43,6,85.71,1,14.29,0,0,0,0,0,0,0,0,3,42.86,4,57.14,2,1,4,57.14,99,3,42.86,0,0,0,0,0,0,0,0,0,0,0,0,0,0,0,0,0,0,0,0,0,0,0,0,0,0,0,0,0,0,0,0,0,0,0,0,0,0,0,0,0,0,0,0,0,0,0,0,0,0,0,0,0,0,0,0,0,0,0,0,0,0,0,0,0,0,0,0,0
7,10,04,57.69,13,100,0,0,0,0,0,0,0,0,1,7.69,3,23.08,9,69.23,2,1,5,38.46,99,8,61.54,0,0,0,0,0,0,0,0,0,0,0,0,0,0,0,0,0,0,0,0,0,0,0,0,0,0,0,0,0,0,0,0,0,0,0,0,0,0,0,0,0,0,0,0,0,0,0,0,0,0,0,0,0,0,0,0,0,0,0,0,0,0,0,0,0,0,0,0,0
7,10,05,56.86,7,100,0,0,0,0,0,0,0,0,0,0,3,42.86,4,57.14,2,1,5,71.43,99,2,28.57,0,0,0,0,0,0,0,0,0,0,0,0,0,0,0,0,0,0,0,0,0,0,0,0,0,0,0,0,0,0,0,0,0,0,0,0,0,0,0,0,0,0,0,0,0,0,0,0,0,0,0,0,0,0,0,0,0,0,0,0,0,0,0,0,0,0,0,0,0
7,10,06,50.9,7,70,3,30,0,0,0,0,0,0,1,10,5,50,4,40,2,1,5,50,99,5,50,0,0,0,0,0,0,0,0,0,0,0,0,0,0,0,0,0,0,0,0,0,0,0,0,0,0,0,0,0,0,0,0,0,0,0,0,0,0,0,0,0,0,0,0,0,0,0,0,0,0,0,0,0,0,0,0,0,0,0,0,0,0,0,0,0,0,0,0,0
7,10,07,55.71,6,85.71,1,14.29,0,0,0,0,0,0,0,0,3,42.86,4,57.14,2,1,5,71.43,99,2,28.57,0,0,0,0,0,0,0,0,0,0,0,0,0,0,0,0,0,0,0,0,0,0,0,0,0,0,0,0,0,0,0,0,0,0,0,0,0,0,0,0,0,0,0,0,0,0,0,0,0,0,0,0,0,0,0,0,0,0,0,0,0,0,0,0,0,0,0,0,0
7,10,08,57,6,100,0,0,0,0,0,0,1,16.67,1,16.67,0,0,4,66.67,2,1,4,66.67,99,2,33.33,0,0,0,0,0,0,0,0,0,0,0,0,0,0,0,0,0,0,0,0,0,0,0,0,0,0,0,0,0,0,0,0,0,0,0,0,0,0,0,0,0,0,0,0,0,0,0,0,0,0,0,0,0,0,0,0,0,0,0,0,0,0,0,0,0,0,0,0,0
7,10,09,50.67,8,88.89,1,11.11,0,0,0,0,1,11.11,1,11.11,3,33.33,4,44.44,2,1,2,22.22,99,7,77.78,0,0,0,0,0,0,0,0,0,0,0,0,0,0,0,0,0,0,0,0,0,0,0,0,0,0,0,0,0,0,0,0,0,0,0,0,0,0,0,0,0,0,0,0,0,0,0,0,0,0,0,0,0,0,0,0,0,0,0,0,0,0,0,0,0,0,0,0,0
7,10,10,58.4,4,80,1,20,0,0,0,0,0,0,1,20,2,40,2,40,2,1,2,40,99,3,60,0,0,0,0,0,0,0,0,0,0,0,0,0,0,0,0,0,0,0,0,0,0,0,0,0,0,0,0,0,0,0,0,0,0,0,0,0,0,0,0,0,0,0,0,0,0,0,0,0,0,0,0,0,0,0,0,0,0,0,0,0,0,0,0,0,0,0,0,0
7,10,11,49.67,3,100,0,0,0,0,0,0,0,0,0,0,1,33.33,2,66.67,2,1,1,33.33,99,2,66.67,0,0,0,0,0,0,0,0,0,0,0,0,0,0,0,0,0,0,0,0,0,0,0,0,0,0,0,0,0,0,0,0,0,0,0,0,0,0,0,0,0,0,0,0,0,0,0,0,0,0,0,0,0,0,0,0,0,0,0,0,0,0,0,0,0,0,0,0,0
7,10,12,54,6,100,0,0,0,0,0,0,0,0,1,16.67,1,16.67,4,66.67,2,1,4,66.67,99,2,33.33,0,0,0,0,0,0,0,0,0,0,0,0,0,0,0,0,0,0,0,0,0,0,0,0,0,0,0,0,0,0,0,0,0,0,0,0,0,0,0,0,0,0,0,0,0,0,0,0,0,0,0,0,0,0,0,0,0,0,0,0,0,0,0,0,0,0,0,0,0
7,10,13,51.6,4,80,1,20,0,0,0,0,0,0,0,0,1,20,4,80,1,1,5,100,0,0,0,0,0,0,0,0,0,0,0,0,0,0,0,0,0,0,0,0,0,0,0,0,0,0,0,0,0,0,0,0,0,0,0,0,0,0,0,0,0,0,0,0,0,0,0,0,0,0,0,0,0,0,0,0,0,0,0,0,0,0,0,0,0,0,0,0,0,0,0,0
7,10,14,58.6,5,100,0,0,0,0,0,0,0,0,0,0,5,100,0,0,1,1,5,100,0,0,0,0,0,0,0,0,0,0,0,0,0,0,0,0,0,0,0,0,0,0,0,0,0,0,0,0,0,0,0,0,0,0,0,0,0,0,0,0,0,0,0,0,0,0,0,0,0,0,0,0,0,0,0,0,0,0,0,0,0,0,0,0,0,0,0,0,0,0,0,0
7,10,15,54.67,5,83.33,1,16.67,0,0,0,0,0,0,0,0,1,16.67,5,83.33,2,1,2,33.33,99,4,66.67,0,0,0,0,0,0,0,0,0,0,0,0,0,0,0,0,0,0,0,0,0,0,0,0,0,0,0,0,0,0,0,0,0,0,0,0,0,0,0,0,0,0,0,0,0,0,0,0,0,0,0,0,0,0,0,0,0,0,0,0,0,0,0,0,0,0,0,0,0
7,10,16,44.25,4,100,0,0,0,0,0,0,0,0,0,0,4,100,0,0,1,99,4,100,0,0,0,0,0,0,0,0,0,0,0,0,0,0,0,0,0,0,0,0,0,0,0,0,0,0,0,0,0,0,0,0,0,0,0,0,0,0,0,0,0,0,0,0,0,0,0,0,0,0,0,0,0,0,0,0,0,0,0,0,0,0,0,0,0,0,0,0,0,0,0,0
7,11,00,57.64,88,91.67,8,8.33,0,0,0,0,1,1.04,7,7.29,19,19.79,69,71.88,2,1,29,30.21,99,67,69.79,0,0,0,0,0,0,0,0,0,0,0,0,0,0,0,0,0,0,0,0,0,0,0,0,0,0,0,0,0,0,0,0,0,0,0,0,0,0,0,0,0,0,0,0,0,0,0,0,0,0,0,0,0,0,0,0,0,0,0,0,0,0,0,0,0,0,0,0,0
7,11,01,58.3,29,87.88,4,12.12,0,0,0,0,1,3.03,4,12.12,11,33.33,17,51.52,2,1,12,36.36,99,21,63.64,0,0,0,0,0,0,0,0,0,0,0,0,0,0,0,0,0,0,0,0,0,0,0,0,0,0,0,0,0,0,0,0,0,0,0,0,0,0,0,0,0,0,0,0,0,0,0,0,0,0,0,0,0,0,0,0,0,0,0,0,0,0,0,0,0,0,0,0,0
7,11,02,59.45,22,100,0,0,0,0,0,0,0,0,0,0,5,22.73,17,77.27,2,1,6,27.27,99,16,72.73,0,0,0,0,0,0,0,0,0,0,0,0,0,0,0,0,0,0,0,0,0,0,0,0,0,0,0,0,0,0,0,0,0,0,0,0,0,0,0,0,0,0,0,0,0,0,0,0,0,0,0,0,0,0,0,0,0,0,0,0,0,0,0,0,0,0,0,0,0
7,11,03,58.07,14,93.33,1,6.67,0,0,0,0,0,0,0,0,1,6.67,14,93.33,2,1,4,26.67,99,11,73.33,0,0,0,0,0,0,0,0,0,0,0,0,0,0,0,0,0,0,0,0,0,0,0,0,0,0,0,0,0,0,0,0,0,0,0,0,0,0,0,0,0,0,0,0,0,0,0,0,0,0,0,0,0,0,0,0,0,0,0,0,0,0,0,0,0,0,0,0,0
7,11,04,61.18,11,100,0,0,0,0,0,0,0,0,1,9.09,0,0,10,90.91,2,1,3,27.27,99,8,72.73,0,0,0,0,0,0,0,0,0,0,0,0,0,0,0,0,0,0,0,0,0,0,0,0,0,0,0,0,0,0,0,0,0,0,0,0,0,0,0,0,0,0,0,0,0,0,0,0,0,0,0,0,0,0,0,0,0,0,0,0,0,0,0,0,0,0,0,0,0
7,11,05,50,7,77.78,2,22.22,0,0,0,0,0,0,1,11.11,1,11.11,7,77.78,2,1,3,33.33,99,6,66.67,0,0,0,0,0,0,0,0,0,0,0,0,0,0,0,0,0,0,0,0,0,0,0,0,0,0,0,0,0,0,0,0,0,0,0,0,0,0,0,0,0,0,0,0,0,0,0,0,0,0,0,0,0,0,0,0,0,0,0,0,0,0,0,0,0,0,0,0,0
7,11,06,51.17,5,83.33,1,16.67,0,0,0,0,0,0,1,16.67,1,16.67,4,66.67,2,1,1,16.67,99,5,83.33,0,0,0,0,0,0,0,0,0,0,0,0,0,0,0,0,0,0,0,0,0,0,0,0,0,0,0,0,0,0,0,0,0,0,0,0,0,0,0,0,0,0,0,0,0,0,0,0,0,0,0,0,0,0,0,0,0,0,0,0,0,0,0,0,0,0,0,0,0
7,12,00,56.57,127,80.89,30,19.11,0,0,2,1.27,10,6.37,29,18.47,50,31.85,66,42.04,3,1,55,35.03,3,1,0.64,99,101,64.33,0,0,0,0,0,0,0,0,0,0,0,0,0,0,0,0,0,0,0,0,0,0,0,0,0,0,0,0,0,0,0,0,0,0,0,0,0,0,0,0,0,0,0,0,0,0,0,0,0,0,0,0,0,0,0,0,0,0,0,0,0,0,0,0,0,0
7,12,01,57,21,80.77,5,19.23,0,0,0,0,2,7.69,2,7.69,16,61.54,6,23.08,2,1,13,50,99,13,50,0,0,0,0,0,0,0,0,0,0,0,0,0,0,0,0,0,0,0,0,0,0,0,0,0,0,0,0,0,0,0,0,0,0,0,0,0,0,0,0,0,0,0,0,0,0,0,0,0,0,0,0,0,0,0,0,0,0,0,0,0,0,0,0,0,0,0,0,0
7,12,02,52.15,16,80,4,20,0,0,0,0,1,5,6,30,0,0,13,65,2,1,7,35,99,13,65,0,0,0,0,0,0,0,0,0,0,0,0,0,0,0,0,0,0,0,0,0,0,0,0,0,0,0,0,0,0,0,0,0,0,0,0,0,0,0,0,0,0,0,0,0,0,0,0,0,0,0,0,0,0,0,0,0,0,0,0,0,0,0,0,0,0,0,0,0
7,12,03,61.38,25,86.21,4,13.79,0,0,1,3.45,0,0,4,13.79,4,13.79,20,68.97,2,1,16,55.17,99,13,44.83,0,0,0,0,0,0,0,0,0,0,0,0,0,0,0,0,0,0,0,0,0,0,0,0,0,0,0,0,0,0,0,0,0,0,0,0,0,0,0,0,0,0,0,0,0,0,0,0,0,0,0,0,0,0,0,0,0,0,0,0,0,0,0,0,0,0,0,0,0
7,12,04,56.71,18,75,6,25,0,0,0,0,2,8.33,7,29.17,7,29.17,8,33.33,3,1,4,16.67,3,1,4.17,99,19,79.17,0,0,0,0,0,0,0,0,0,0,0,0,0,0,0,0,0,0,0,0,0,0,0,0,0,0,0,0,0,0,0,0,0,0,0,0,0,0,0,0,0,0,0,0,0,0,0,0,0,0,0,0,0,0,0,0,0,0,0,0,0,0,0,0,0,0
7,12,05,54.84,20,80,5,20,0,0,1,4,1,4,6,24,9,36,8,32,2,1,11,44,99,14,56,0,0,0,0,0,0,0,0,0,0,0,0,0,0,0,0,0,0,0,0,0,0,0,0,0,0,0,0,0,0,0,0,0,0,0,0,0,0,0,0,0,0,0,0,0,0,0,0,0,0,0,0,0,0,0,0,0,0,0,0,0,0,0,0,0,0,0,0,0
7,12,06,57,10,76.92,3,23.08,0,0,0,0,2,15.38,1,7.69,7,53.85,3,23.08,2,1,3,23.08,99,10,76.92,0,0,0,0,0,0,0,0,0,0,0,0,0,0,0,0,0,0,0,0,0,0,0,0,0,0,0,0,0,0,0,0,0,0,0,0,0,0,0,0,0,0,0,0,0,0,0,0,0,0,0,0,0,0,0,0,0,0,0,0,0,0,0,0,0,0,0,0,0
7,12,07,55.15,17,85,3,15,0,0,0,0,2,10,3,15,7,35,8,40,2,1,1,5,99,19,95,0,0,0,0,0,0,0,0,0,0,0,0,0,0,0,0,0,0,0,0,0,0,0,0,0,0,0,0,0,0,0,0,0,0,0,0,0,0,0,0,0,0,0,0,0,0,0,0,0,0,0,0,0,0,0,0,0,0,0,0,0,0,0,0,0,0,0,0,0
7,13,00,57.81,107,87.7,15,12.3,0,0,3,2.46,11,9.02,16,13.11,41,33.61,51,41.8,2,1,29,23.77,99,93,76.23,0,0,0,0,0,0,0,0,0,0,0,0,0,0,0,0,0,0,0,0,0,0,0,0,0,0,0,0,0,0,0,0,0,0,0,0,0,0,0,0,0,0,0,0,0,0,0,0,0,0,0,0,0,0,0,0,0,0,0,0,0,0,0,0,0,0,0,0,0
7,13,01,58.17,48,90.57,5,9.43,0,0,3,5.66,8,15.09,9,16.98,19,35.85,14,26.42,2,1,19,35.85,99,34,64.15,0,0,0,0,0,0,0,0,0,0,0,0,0,0,0,0,0,0,0,0,0,0,0,0,0,0,0,0,0,0,0,0,0,0,0,0,0,0,0,0,0,0,0,0,0,0,0,0,0,0,0,0,0,0,0,0,0,0,0,0,0,0,0,0,0,0,0,0,0
7,13,02,59.04,39,86.67,6,13.33,0,0,0,0,1,2.22,7,15.56,14,31.11,23,51.11,2,1,8,17.78,99,37,82.22,0,0,0,0,0,0,0,0,0,0,0,0,0,0,0,0,0,0,0,0,0,0,0,0,0,0,0,0,0,0,0,0,0,0,0,0,0,0,0,0,0,0,0,0,0,0,0,0,0,0,0,0,0,0,0,0,0,0,0,0,0,0,0,0,0,0,0,0,0
7,13,03,54.71,20,83.33,4,16.67,0,0,0,0,2,8.33,0,0,8,33.33,14,58.33,2,1,2,8.33,99,22,91.67,0,0,0,0,0,0,0,0,0,0,0,0,0,0,0,0,0,0,0,0,0,0,0,0,0,0,0,0,0,0,0,0,0,0,0,0,0,0,0,0,0,0,0,0,0,0,0,0,0,0,0,0,0,0,0,0,0,0,0,0,0,0,0,0,0,0,0,0,0
7,14,00,55.83,67,79.76,17,20.24,0,0,2,2.38,7,8.33,23,27.38,26,30.95,26,30.95,3,1,23,27.38,3,2,2.38,99,59,70.24,0,0,0,0,0,0,0,0,0,0,0,0,0,0,0,0,0,0,0,0,0,0,0,0,0,0,0,0,0,0,0,0,0,0,0,0,0,0,0,0,0,0,0,0,0,0,0,0,0,0,0,0,0,0,0,0,0,0,0,0,0,0,0,0,0,0
7,14,01,55,31,79.49,8,20.51,0,0,0,0,3,7.69,12,30.77,14,35.9,10,25.64,2,1,17,43.59,99,22,56.41,0,0,0,0,0,0,0,0,0,0,0,0,0,0,0,0,0,0,0,0,0,0,0,0,0,0,0,0,0,0,0,0,0,0,0,0,0,0,0,0,0,0,0,0,0,0,0,0,0,0,0,0,0,0,0,0,0,0,0,0,0,0,0,0,0,0,0,0,0
7,14,02,56.56,36,80,9,20,0,0,2,4.44,4,8.89,11,24.44,12,26.67,16,35.56,3,1,6,13.33,3,2,4.44,99,37,82.22,0,0,0,0,0,0,0,0,0,0,0,0,0,0,0,0,0,0,0,0,0,0,0,0,0,0,0,0,0,0,0,0,0,0,0,0,0,0,0,0,0,0,0,0,0,0,0,0,0,0,0,0,0,0,0,0,0,0,0,0,0,0,0,0,0,0
8,01,00,57.19,35,94.59,2,5.41,0,0,0,0,3,8.11,2,5.41,10,27.03,22,59.46,2,1,34,91.89,99,3,8.11,0,0,0,0,0,0,0,0,0,0,0,0,0,0,0,0,0,0,0,0,0,0,0,0,0,0,0,0,0,0,0,0,0,0,0,0,0,0,0,0,0,0,0,0,0,0,0,0,0,0,0,0,0,0,0,0,0,0,0,0,0,0,0,0,0,0,0,0,0
8,01,01,62.13,8,100,0,0,0,0,0,0,1,12.5,0,0,1,12.5,6,75,2,1,7,87.5,99,1,12.5,0,0,0,0,0,0,0,0,0,0,0,0,0,0,0,0,0,0,0,0,0,0,0,0,0,0,0,0,0,0,0,0,0,0,0,0,0,0,0,0,0,0,0,0,0,0,0,0,0,0,0,0,0,0,0,0,0,0,0,0,0,0,0,0,0,0,0,0,0
8,01,02,56.17,6,100,0,0,0,0,0,0,1,16.67,1,16.67,1,16.67,3,50,2,1,5,83.33,99,1,16.67,0,0,0,0,0,0,0,0,0,0,0,0,0,0,0,0,0,0,0,0,0,0,0,0,0,0,0,0,0,0,0,0,0,0,0,0,0,0,0,0,0,0,0,0,0,0,0,0,0,0,0,0,0,0,0,0,0,0,0,0,0,0,0,0,0,0,0,0,0
8,01,03,50.8,5,100,0,0,0,0,0,0,0,0,0,0,2,40,3,60,1,1,5,100,0,0,0,0,0,0,0,0,0,0,0,0,0,0,0,0,0,0,0,0,0,0,0,0,0,0,0,0,0,0,0,0,0,0,0,0,0,0,0,0,0,0,0,0,0,0,0,0,0,0,0,0,0,0,0,0,0,0,0,0,0,0,0,0,0,0,0,0,0,0,0,0
8,01,04,77,2,100,0,0,0,0,0,0,0,0,0,0,0,0,2,100,1,1,2,100,0,0,0,0,0,0,0,0,0,0,0,0,0,0,0,0,0,0,0,0,0,0,0,0,0,0,0,0,0,0,0,0,0,0,0,0,0,0,0,0,0,0,0,0,0,0,0,0,0,0,0,0,0,0,0,0,0,0,0,0,0,0,0,0,0,0,0,0,0,0,0,0
8,01,05,57.13,7,87.5,1,12.5,0,0,0,0,0,0,0,0,5,62.5,3,37.5,1,1,8,100,0,0,0,0,0,0,0,0,0,0,0,0,0,0,0,0,0,0,0,0,0,0,0,0,0,0,0,0,0,0,0,0,0,0,0,0,0,0,0,0,0,0,0,0,0,0,0,0,0,0,0,0,0,0,0,0,0,0,0,0,0,0,0,0,0,0,0,0,0,0,0,0
8,01,06,52.13,7,87.5,1,12.5,0,0,0,0,1,12.5,1,12.5,1,12.5,5,62.5,2,1,7,87.5,99,1,12.5,0,0,0,0,0,0,0,0,0,0,0,0,0,0,0,0,0,0,0,0,0,0,0,0,0,0,0,0,0,0,0,0,0,0,0,0,0,0,0,0,0,0,0,0,0,0,0,0,0,0,0,0,0,0,0,0,0,0,0,0,0,0,0,0,0,0,0,0,0
8,02,00,49.59,19,86.36,3,13.64,0,0,0,0,4,18.18,0,0,7,31.82,11,50,2,1,19,86.36,99,3,13.64,0,0,0,0,0,0,0,0,0,0,0,0,0,0,0,0,0,0,0,0,0,0,0,0,0,0,0,0,0,0,0,0,0,0,0,0,0,0,0,0,0,0,0,0,0,0,0,0,0,0,0,0,0,0,0,0,0,0,0,0,0,0,0,0,0,0,0,0,0
8,02,01,53.22,8,88.89,1,11.11,0,0,0,0,1,11.11,0,0,2,22.22,6,66.67,2,1,7,77.78,99,2,22.22,0,0,0,0,0,0,0,0,0,0,0,0,0,0,0,0,0,0,0,0,0,0,0,0,0,0,0,0,0,0,0,0,0,0,0,0,0,0,0,0,0,0,0,0,0,0,0,0,0,0,0,0,0,0,0,0,0,0,0,0,0,0,0,0,0,0,0,0,0
8,02,02,50,4,66.67,2,33.33,0,0,0,0,2,33.33,0,0,1,16.67,3,50,1,1,6,100,0,0,0,0,0,0,0,0,0,0,0,0,0,0,0,0,0,0,0,0,0,0,0,0,0,0,0,0,0,0,0,0,0,0,0,0,0,0,0,0,0,0,0,0,0,0,0,0,0,0,0,0,0,0,0,0,0,0,0,0,0,0,0,0,0,0,0,0,0,0,0,0
8,02,03,47.6,5,100,0,0,0,0,0,0,1,20,0,0,2,40,2,40,2,1,4,80,99,1,20,0,0,0,0,0,0,0,0,0,0,0,0,0,0,0,0,0,0,0,0,0,0,0,0,0,0,0,0,0,0,0,0,0,0,0,0,0,0,0,0,0,0,0,0,0,0,0,0,0,0,0,0,0,0,0,0,0,0,0,0,0,0,0,0,0,0,0,0,0
8,02,04,37,2,100,0,0,0,0,0,0,0,0,0,0,2,100,0,0,1,1,2,100,0,0,0,0,0,0,0,0,0,0,0,0,0,0,0,0,0,0,0,0,0,0,0,0,0,0,0,0,0,0,0,0,0,0,0,0,0,0,0,0,0,0,0,0,0,0,0,0,0,0,0,0,0,0,0,0,0,0,0,0,0,0,0,0,0,0,0,0,0,0,0,0
